Rndrng_NPI,Rndrng_Prvdr_State_Abrvtn,Rndrng_Prvdr_Zip5,Rndrng_Prvdr_Type,Rndrng_Prvdr_Mdcr_Prtcptg_Ind,Tot_Sbmtd_Chrg,Tot_Mdcr_Pymt_Amt,Tot_Mdcr_Stdzd_Amt,Bene_Avg_Age,anomaly_score,known_exclusion
1598315574,NJ,7927.0,Clinical Laboratory,1,173098184.28,21000362.46,21014744.85,78,10.397465681706258,False
1356432140,ID,83706.0,Centralized Flu,1,38554692.78,30424449.32,30480771.4,75,10.397465681706258,False
1235315268,MD,21740.0,Ophthalmology,1,36188147.1,15135415.92,15286654.58,76,10.397465681706258,False
1336209345,OR,97701.0,Plastic and Reconstructive Surgery,1,43704423.14,33460210.49,33470087.79,73,10.397465681706258,False
1518111426,CA,93277.0,Physician Assistant,1,56372355.04,42629836.78,42613373.21,75,10.397465681706258,False
1386627966,CA,90007.0,Pharmacy,1,22083381.99,15830845.77,15830835.53,66,10.397465681706258,False
1750676870,TX,77701.0,Ambulance Service Provider,1,126052747.3,18485880.42,17605251.15,77,10.397465681706258,False
1417915653,PA,15086.0,Pharmacy,1,94651018.67,54219102.92,55854071.34,67,10.397465681706258,False
1043382302,PA,15146.0,Pharmacy,1,46218893.02,15270150.57,15310719.68,64,10.397465681706258,False
1982246575,CA,94010.0,Ambulatory Surgical Center,1,3914830.0,1816469.85,1478872.14,81,10.397465681706258,False
1447437355,CA,92656.0,Clinical Laboratory,1,91260855.0,44617235.95,43140025.02,75,10.397465681706258,False
1992489728,AZ,85205.0,Nurse Practitioner,1,18349029.22,14377644.52,14378122.12,82,10.397465681706258,False
1770830606,IL,60181.0,Independent Diagnostic Testing Facility (IDTF),1,148296000.0,25868607.21,25871148.0,75,10.397465681706258,False
1366479099,CA,91304.0,Clinical Laboratory,1,799211469.08,95875796.12,96014150.46,73,10.397465681706258,False
1669736427,CA,93309.0,General Surgery,1,109229737.0,77336540.62,77330223.83,69,10.397465681706258,False
1770734253,AZ,85014.0,Clinical Laboratory,1,93039450.0,74175514.11,74190492.79,75,10.397465681706258,False
1053686964,AR,72118.0,Clinical Laboratory,1,33646863.24,14212416.78,15074998.3,73,10.397465681706258,False
1275232142,WI,54311.0,Nurse Practitioner,1,2836663.16,1911941.39,1912040.2,70,10.397465681705764,False
1376536862,FL,34209.0,Internal Medicine,1,2573425.54,6437.37,6375.68,68,10.397465681687816,False
1851636435,AZ,85268.0,Clinical Laboratory,1,477180.84,392758.25,392758.25,82,10.397465654418182,False
1063734739,OH,44103.0,Clinical Laboratory,1,73807229.8,10339870.93,10359937.15,75,10.397465647534002,False
1093753303,TN,37217.0,Pathology,1,3962075.54,1292014.49,1309489.06,72,10.397465021825898,False
1548789183,AZ,85258.0,Ambulatory Surgical Center,1,2996813.82,492752.56,499102.14,75,10.39746436363795,False
1215971668,GA,30040.0,Infectious Disease,1,5747568.5,1563472.7,1561557.51,77,10.397461100424804,False
1417304171,TX,75093.0,Ambulatory Surgical Center,1,21154266.3,1908736.95,1966811.41,76,10.39745443029204,False
1396321022,MS,38671.0,Clinical Laboratory,1,10228124.89,1442148.91,1445445.0,65,10.397421050547038,False
1619911971,MA,1104.0,Ambulance Service Provider,1,93007815.91,8729768.45,8561468.79,75,10.397405724637288,False
1780177790,GA,30033.0,Physician Assistant,1,1363240.0,5984.23,5659.04,76,10.397274228479295,False
1447760814,NJ,7058.0,Clinical Laboratory,1,11785806.28,6747658.16,6752453.24,76,10.396931224312606,False
1548278138,FL,33486.0,Plastic and Reconstructive Surgery,1,21717027.35,15176799.17,15120572.02,80,10.395915160506693,False
1205591096,FL,33186.0,Nurse Practitioner,1,15273489.28,11172878.19,11169250.62,75,10.395528582813705,False
1346713989,CA,92630.0,Clinical Laboratory,1,9466975.0,3536033.81,3536622.11,76,10.395074488565774,False
1306887260,MI,48601.0,Ambulance Service Provider,1,24669081.9,10321577.13,9268378.2,75,10.394219339648092,False
1083785398,WA,98502.0,Ambulatory Surgical Center,1,22556361.78,6794869.95,6660871.25,72,10.393833469401972,False
1477629574,FL,33309.0,Centralized Flu,1,2756496.99,2238121.54,2256570.34,75,10.388568417096845,False
1417952847,FL,33009.0,Nurse Practitioner,1,20681566.56,15071371.8,15068897.89,76,10.386831074654033,False
1942305941,TX,77090.0,Internal Medicine,1,2953136.12,5410.59,5416.23,69,10.38545777371819,False
1194812883,TX,77027.0,Emergency Medicine,1,1215088.0,2112.4,2056.1,66,10.385457773700809,False
1104286087,TX,75702.0,Ambulance Service Provider,1,32501288.3,7701928.16,7092254.23,77,10.383212340776733,False
1205098696,CA,92625.0,Dermatology,1,25094966.68,16412752.97,15809474.08,77,10.381034687568466,False
1285391821,CO,80233.0,Physician Assistant,1,21390270.28,14908017.56,14907488.92,76,10.372080274767741,False
1770887572,KY,40206.0,Preventive Medicine,1,17092535.83,11860457.25,11865138.44,83,10.37208027476632,False
1942702394,MN,55416.0,Pharmacy,1,122259.2,119815.09,120352.7,74,10.370094803197594,False
1841962289,NM,87102.0,Clinical Laboratory,1,25609179.85,7387600.8,7497730.65,73,10.368502598141164,False
1477729259,CA,94606.0,Family Practice,1,5200.03,4882.01,5177.24,72,10.361252641341657,False
1225010838,NJ,7203.0,Ambulance Service Provider,1,30296280.21,6263292.04,5707216.36,79,10.358310172617474,False
1609491216,NY,11234.0,Clinical Laboratory,1,12968429.13,6042299.34,6042801.02,81,10.356942889178297,False
1851557813,FL,33196.0,Internal Medicine,1,15369451.52,11422379.44,11444158.25,69,10.354877472530776,False
1760465207,SD,57701.0,Ambulatory Surgical Center,1,5782928.39,1012755.35,1100756.81,72,10.353416354928017,False
1720029960,UT,84107.0,Clinical Laboratory,1,7884447.84,3396118.38,3508384.14,75,10.352315963762678,False
1306031034,CA,90505.0,Ambulatory Surgical Center,1,2183072.52,167118.35,143201.51,71,10.349952016116797,False
1982240388,TX,78852.0,Ambulance Service Provider,1,2434207.2,200827.9,205573.44,68,10.343223988570982,False
1346865078,FL,32504.0,Ambulatory Surgical Center,1,17533477.0,2812413.65,3181624.76,73,10.337866248894501,False
1841351566,FL,32224.0,Pathology,1,4780832.02,717732.85,719541.11,73,10.336212466868437,False
1891473203,OR,97213.0,Clinical Laboratory,1,26205419.72,4290877.47,4308909.01,74,10.331995542572702,False
1649767948,WA,99204.0,Clinical Laboratory,1,9662256.64,1541185.31,1541479.09,73,10.329113051196437,False
1699769075,DC,20016.0,Podiatry,1,36922637.94,20677147.03,20651958.97,76,10.326892758429587,False
1447375282,TX,77002.0,Ambulance Service Provider,1,34359213.8,6705783.53,7157026.06,76,10.324371591433222,False
1427588029,MD,21117.0,Clinical Laboratory,1,6450759.5,3254968.0,3255003.58,80,10.31968136857287,False
1790944668,MA,1655.0,Neurosurgery,1,14858933.92,138771.69,125418.82,75,10.315796796404284,False
1912627712,LA,70001.0,Ambulatory Surgical Center,1,1061862.59,231966.99,256203.98,72,10.313210179470008,False
1316966575,TX,77098.0,Micrographic Dermatologic Surgery,1,38880664.94,18243493.52,18304436.72,75,10.310878223647732,False
1134138530,GA,30060.0,Pathology,1,11839815.85,2533072.54,2609715.46,72,10.307443053004242,False
1023880861,TX,75080.0,Clinical Laboratory,1,17838152.55,7759461.49,7759461.49,74,10.306990448552783,False
1508643610,NY,10019.0,Ambulatory Surgical Center,1,336812.66,43171.37,36387.0,70,10.287891407919318,False
1518139534,MO,63146.0,Mass Immunizer Roster Biller,1,28283.83,24393.66,24547.38,82,10.280555567274304,False
1356442107,NY,11777.0,Internal Medicine,1,149750.0,20869.09,18398.38,76,10.273731789668108,False
1578579751,NY,10021.0,Plastic and Reconstructive Surgery,1,1342580.0,43154.08,26949.44,73,10.273335993748518,False
1073168696,CA,92586.0,Physical Therapist in Private Practice,1,2465.0,19.67,14.19,75,10.266182894754571,False
1891909941,NJ,7058.0,Clinical Laboratory,1,56424768.63,10465142.58,9973485.29,76,10.253923269490205,False
1275578437,FL,33619.0,Ambulance Service Provider,1,10760645.19,5390437.91,5978701.47,78,10.25200300685854,False
1457992604,MD,21061.0,Independent Diagnostic Testing Facility (IDTF),1,1870000.0,382444.68,356956.63,71,10.237356034864094,False
1700831401,PA,15122.0,Ambulance Service Provider,1,48689873.2,8235702.0,10112188.36,73,10.231848809581843,False
1891840401,FL,33147.0,Ambulance Service Provider,1,10590855.16,5269475.52,5353267.21,79,10.229931286008737,False
1962072751,TX,77433.0,Nurse Practitioner,1,3599216.0,2593703.22,2593411.79,73,10.22733297071226,False
1477559839,CO,80525.0,Ambulatory Surgical Center,1,11465179.0,4899723.95,4974629.71,74,10.224359251700385,False
1508574518,IL,62801.0,Ambulatory Surgical Center,1,12311733.77,515342.01,562093.9,73,10.218134443310399,False
1144326307,FL,32086.0,Ambulatory Surgical Center,1,5616962.82,2093292.66,2252172.49,74,10.210340271684434,False
1639602683,NV,89166.0,Nurse Practitioner,1,7462112.4,5810096.43,5811305.68,72,10.202441300564997,False
1770936791,NY,10035.0,Nurse Practitioner,1,12109671.7,9226738.03,9206374.09,83,10.197659286508795,False
1740901396,AZ,85308.0,Ambulatory Surgical Center,1,8772008.66,2181496.03,2199036.52,76,10.152755231142939,False
1003468745,OK,73114.0,Nurse Practitioner,1,25285238.36,9984756.0,9968057.6,74,10.13064750021658,False
1912448945,AR,72703.0,Pharmacy,1,735792.76,318293.0,318293.04,70,10.107540009748487,False
1770749764,WI,54665.0,Mass Immunizer Roster Biller,1,1240.0,1185.2,1185.2,77,10.094907207084685,False
1699894378,TX,77459.0,Nurse Practitioner,1,4613021.17,3580961.11,3581819.22,85,10.044162285997757,False
1497808711,CA,91402.0,Ambulance Service Provider,1,17989454.82,3109301.33,2766211.29,74,9.956864548489694,False
1376536482,OR,97701.0,Ambulatory Surgical Center,1,43413101.4,6243248.54,5986677.06,73,9.908955029288181,False
1689672743,DC,20007.0,Interventional Radiology,1,14577303.23,3937036.93,3393062.41,77,9.886561335912052,False
1093136418,CA,94545.0,Clinical Laboratory,1,7819612.92,5769118.84,5773741.58,68,9.867883031062147,False
1588301493,TN,37067.0,Clinical Laboratory,1,71550.0,46746.0,46746.0,59,9.839931731596712,False
1194323725,TX,78221.0,Ambulatory Surgical Center,1,471016.75,139888.45,151585.33,69,9.79690940412198,False
1265770572,PA,19072.0,Ambulatory Surgical Center,1,6147921.62,2146868.98,2178678.88,69,9.763851044903484,False
1538940556,FL,33912.0,Ambulatory Surgical Center,1,367416.29,52702.25,54892.49,73,9.759935154703358,False
1922044387,NJ,7444.0,Mass Immunizer Roster Biller,1,1431940.97,1281557.27,1258214.83,78,9.713775393178324,False
1174284483,CA,91042.0,Clinical Laboratory,1,4834090.0,3372358.68,3427758.96,76,9.691327105303367,False
1174185649,AZ,85712.0,Ambulatory Surgical Center,1,24110726.0,4893449.64,5355715.33,76,9.678247238194384,False
1649223124,AZ,85712.0,Ambulatory Surgical Center,1,35736908.91,4254791.29,4615577.5,75,9.619663315016977,False
1245602846,GA,30214.0,Ambulance Service Provider,1,1610802.12,430527.81,540947.2,69,9.61293733586356,False
1073614046,TX,77401.0,Nurse Practitioner,1,1893485.0,1353503.96,1353342.54,78,9.591346719557134,False
1972548287,IL,62864.0,General Surgery,1,36214024.95,2065180.43,2445133.74,71,9.585822031705192,False
1538827860,MS,39564.0,Nurse Practitioner,1,10491825.0,6690872.07,6695940.69,78,9.521097942693626,False
1750483194,NY,10956.0,Orthopedic Surgery,1,6513557.98,44454.71,39677.44,75,9.512665741584852,False
1518302660,NJ,7712.0,Orthopedic Surgery,1,5123995.99,35642.73,32236.73,74,9.511623583799478,False
1073229746,CA,90059.0,Physician Assistant,1,16394872.14,12746258.23,12737658.42,82,9.381834751028467,False
1124252531,VA,22043.0,Plastic and Reconstructive Surgery,1,10986326.58,957333.12,945893.78,76,9.368314567405637,False
1528373172,CA,91335.0,Podiatry,1,12178772.69,7567658.72,7561671.63,73,9.352444597548335,False
1013392042,TX,77304.0,Ambulatory Surgical Center,1,15208693.22,3127367.01,3348646.83,72,9.351751122662812,False
1942884457,FL,34476.0,Ambulatory Surgical Center,1,7862360.0,3063535.86,3227932.07,77,9.320570323337463,False
1124066139,TX,75246.0,Radiation Oncology,1,21538458.0,6195442.61,6196967.57,73,9.308404806133325,False
1053908194,CA,95363.0,Physician Assistant,1,14083606.79,10905189.98,10897414.92,80,9.302634682997269,False
1043283351,FL,34737.0,Family Practice,1,8887757.97,5712009.9,5733734.49,79,9.288308960199865,False
1265459168,TX,78229.0,Medical Oncology,1,30317781.88,8321893.91,8303059.29,76,9.275875385313107,False
1215075411,KS,67213.0,Ambulance Service Provider,1,8836350.12,4206711.72,4646166.34,77,9.275517048282726,False
1265931653,MA,1545.0,Ambulatory Surgical Center,1,11730335.82,2186704.48,2120629.72,70,9.20878083218133,False
1114456225,CO,81303.0,Podiatry,1,9354789.73,7074301.38,7079782.59,76,9.14691523598636,False
1881301190,CA,90024.0,Nurse Practitioner,1,15231446.36,11821377.65,11811988.08,81,9.078827689012243,False
1295281285,CA,92780.0,Mass Immunizer Roster Biller,1,13821.15,12674.46,12529.91,77,9.078570567671544,False
1679010417,CA,90230.0,Ambulatory Surgical Center,1,9984651.0,2047828.96,1754257.48,67,8.992907081198906,False
1770652216,CA,94040.0,Ambulatory Surgical Center,1,20473890.05,4796211.6,3308701.61,76,8.98734632827182,False
1679655732,WV,24801.0,Family Practice,1,8885.94,5449.34,5825.17,74,8.98299071454758,False
1689393746,NM,88220.0,Ambulatory Surgical Center,1,638916.0,224938.9,244538.26,73,8.962380578190409,False
1073613162,CO,80110.0,Ambulatory Surgical Center,1,22653809.0,1339274.89,1350499.84,73,8.961170324055168,False
1598058505,SC,29571.0,Ambulance Service Provider,1,1465995.0,775911.18,769316.83,73,8.959400605846332,False
1013397058,IA,51104.0,Family Practice,1,1872.52,736.98,779.54,63,8.942789441073923,False
1912493230,TX,76244.0,Nurse Practitioner,1,3471243.32,2519444.61,2519548.71,71,8.902096718908528,False
1942455423,CA,93103.0,Ophthalmology,1,33299623.02,9812655.67,9579629.09,76,8.847058288365151,False
1013171420,PA,19010.0,Hematology-Oncology,1,24611123.0,9215678.24,9161520.55,75,8.821785208881291,False
1346200995,PA,16602.0,Physician Assistant,1,26291.55,8063.83,8228.57,74,8.765954574106772,False
1588181275,OR,97401.0,Ambulatory Surgical Center,1,3545259.0,1024814.75,927110.89,73,8.74333536508756,False
1639179708,TN,37849.0,Medical Oncology,1,36733934.68,10092939.67,10083258.35,75,8.721180220066076,False
1104923614,FL,33982.0,Portable X-Ray Supplier,1,5983286.71,2269308.11,2264575.68,81,8.720121091771372,False
1467920702,NJ,8691.0,Physician Assistant,1,532476.0,3871.17,3592.32,77,8.70920161453841,False
1003689498,WI,53578.0,Nurse Practitioner,1,3805098.5,2242262.35,2243285.96,79,8.703893205582816,False
1154873594,PA,19152.0,Ambulatory Surgical Center,1,9075377.0,1942497.33,1881798.97,65,8.700751928593304,False
1740946128,OR,97301.0,Ambulatory Surgical Center,1,5573236.52,1690095.78,1602773.63,75,8.648084735126195,False
1376202895,MI,48034.0,Ambulatory Surgical Center,1,9854492.42,1827577.59,1938122.04,72,8.615479225089773,False
1174664783,CA,91335.0,Cardiology,1,16636627.0,6083225.76,5262246.3,75,8.60152083971242,False
1518068857,CA,94518.0,Ambulance Service Provider,1,21844213.0,2088210.62,1822883.36,76,8.586144187035803,False
1477516979,VA,22030.0,Ambulatory Surgical Center,1,31926435.93,3622257.46,3631416.77,75,8.576645158588683,False
1386049310,CA,94010.0,Nurse Practitioner,1,27084.32,6483.69,5316.86,78,8.560557224522416,False
1396700159,FL,34233.0,Ambulatory Surgical Center,1,45214561.56,4161003.39,4384245.47,76,8.541644793523403,False
1801897939,MO,65775.0,Ambulance Service Provider,1,20781261.5,3738411.44,3542170.07,74,8.537205726775174,False
1760416200,OH,44484.0,Family Practice,1,123952.72,51560.03,54555.61,72,8.509602514961413,False
1538645510,TX,75089.0,Nurse Practitioner,1,3183199.71,2430363.26,2430215.8,70,8.484161836856781,False
1790961209,OH,45429.0,Certified Registered Nurse Anesthetist (CRNA),1,717250.0,5378.31,5450.78,72,8.437025307151616,False
1518377852,CA,91342.0,Internal Medicine,1,311163.72,69730.07,69166.15,58,8.418936410138205,False
1184994956,GA,31210.0,Nurse Practitioner,1,8998923.01,3691525.77,3592844.77,76,8.389891971495986,False
1821257668,FL,33606.0,General Surgery,1,40876.65,29940.75,31725.28,64,8.38827721289867,False
1194478867,CA,91776.0,Clinical Laboratory,1,7439664.0,5104204.81,5104358.49,73,8.385572377206726,False
1285749705,FL,34238.0,Cardiology,1,9321223.8,4676602.51,4795331.49,74,8.341833342732892,False
1346698602,IL,62864.0,Ambulatory Surgical Center,1,6939260.64,1940689.86,2074961.48,72,8.274135171023849,False
1447653225,NY,10019.0,Physician Assistant,1,10061.3,1560.04,1367.69,78,8.250534328720626,False
1386113090,OR,97086.0,Ambulatory Surgical Center,1,3685569.18,808535.82,792762.29,72,8.231577340962238,False
1811345267,SC,29732.0,Ambulatory Surgical Center,1,4218921.63,1154661.64,1208311.52,73,8.16724679164774,False
1528212479,IL,60106.0,Pharmacy,1,103029.45,93909.12,93217.56,64,8.138104969315096,False
1174301246,GA,30132.0,Nurse Practitioner,1,3987076.26,2911830.5,2911748.78,76,8.063368167166686,False
1164930731,AZ,85212.0,Ambulatory Surgical Center,1,37368099.64,2457249.57,2491317.86,75,8.063013590481166,False
1669050654,FL,33907.0,Ambulatory Surgical Center,1,8358582.52,2276694.16,2372020.26,77,8.040110759000246,False
1194721019,FL,34655.0,Family Practice,1,48531.0,16620.27,17101.39,75,8.036362163858964,False
1932519790,CA,90502.0,Hematology-Oncology,1,321543.56,70301.64,70012.87,61,7.979820047055116,False
1730876210,TX,75409.0,Ambulatory Surgical Center,1,46037490.33,3245288.62,3349487.44,72,7.971931768141367,False
1407529845,CA,91324.0,Ambulatory Surgical Center,1,90836.95,66374.55,56832.2,70,7.869732887463902,False
1699328146,MI,49684.0,Ambulatory Surgical Center,1,40911450.34,3501619.72,3902878.11,72,7.849071908660449,False
1851649966,AL,36106.0,Nurse Practitioner,1,7950544.84,2245724.77,2247998.86,74,7.833358661774561,False
1548710114,PA,18103.0,Physician Assistant,1,88877.08,16488.6,15789.97,75,7.823081463724636,False
1811187909,FL,33908.0,Hematology-Oncology,1,29851775.0,9145625.92,9138575.46,76,7.803571949374877,False
1780762898,NJ,7012.0,Interventional Pain Management,1,17404694.81,317678.78,285174.72,72,7.790408107650312,False
1205411006,GA,30032.0,Ambulance Service Provider,1,1701540.8,702157.64,939396.36,69,7.77104970629869,False
1881659613,CA,91307.0,Ambulatory Surgical Center,1,32123688.58,1832124.98,1573984.97,73,7.759800723659658,False
1447464748,MN,55433.0,Rheumatology,1,955363.28,258064.69,258160.6,71,7.751856608731029,False
1316067143,WV,26241.0,Mass Immunizer Roster Biller,1,12593.59,12314.88,12563.24,77,7.627625413120143,False
1679547756,FL,34102.0,Clinical Laboratory,1,7429321.0,2600813.48,2588110.82,76,7.575307389798001,False
1891718136,SD,57105.0,Clinical Laboratory,1,1712718.04,383373.56,386305.19,73,7.574633635799622,False
1871924027,TX,75034.0,Ambulatory Surgical Center,1,4504831.36,1015562.25,1066440.1,73,7.55392782575517,False
1356721955,TX,78702.0,Family Practice,1,1892231.7,1398423.24,1398752.24,78,7.532845291423913,False
1942264619,MD,20815.0,Ambulatory Surgical Center,1,22996373.31,1938213.03,1947059.73,74,7.526745677783314,False
1316389265,CA,92868.0,Hematology-Oncology,1,167751.25,26269.32,26269.59,68,7.50225803883505,False
1164653812,TX,77598.0,Podiatry,1,1924936.86,1377249.64,1376778.68,71,7.468590028115287,False
1265875470,AR,72703.0,Hematology-Oncology,1,20687260.7,6622657.07,6656575.14,74,7.328670772742913,False
1982845186,CA,94040.0,Ambulatory Surgical Center,1,14985085.75,3929668.92,2715599.84,73,7.320644186917338,False
1629398961,FL,33314.0,Psychiatry,1,5095242.53,3637372.59,3637225.46,70,7.3197319964714245,False
1932943313,GA,31548.0,Nurse Practitioner,1,459305.8,294397.54,294484.25,77,7.300580782411345,False
1679030928,TN,38115.0,Ambulance Service Provider,1,1085537.0,330613.8,485143.58,73,7.294726814646338,False
1063531911,NJ,7052.0,Ambulatory Surgical Center,1,2171050.0,769156.94,722461.63,65,7.231269681058835,False
1508576083,WI,53005.0,Nurse Practitioner,1,2383742.96,770997.87,771308.71,72,7.195822785350573,False
1215518196,AZ,85012.0,Ambulance Service Provider,1,31472506.8,2751439.24,3443966.25,77,7.161595231045813,False
1669461919,NV,89106.0,Cardiology,1,11042292.58,6458797.95,6600727.46,73,7.160101261678626,False
1922887298,NJ,8540.0,Physician Assistant,1,1173422.97,9746.69,7839.15,74,7.132753769210744,False
1568236933,TX,78641.0,Nurse Practitioner,1,3694450.86,2816418.56,2817350.38,80,7.105189960563997,False
1528074507,FL,33135.0,Clinical Laboratory,1,2464988.6,1236579.36,1263512.41,80,7.096050046020769,False
1568995462,CA,90089.0,Cardiology,1,547506.25,133123.88,132397.27,70,6.943898584524517,False
1134685415,MI,48076.0,Ambulatory Surgical Center,1,4209908.0,1169610.39,1234269.91,66,6.935673238783678,False
1780794479,WI,53717.0,Mass Immunizer Roster Biller,1,10056.87,9612.13,9901.53,79,6.8633588816602,False
1013200328,SC,29572.0,Hematology-Oncology,1,29438182.42,7954127.83,7902029.68,75,6.8074624512432536,False
1346988870,OH,45241.0,Ambulatory Surgical Center,1,10384625.86,3382028.25,3658768.96,72,6.7849570418896805,False
1609549039,IN,46032.0,Ambulatory Surgical Center,1,32552559.0,2697291.38,2814377.08,72,6.7704406699930715,False
1437137213,MN,55905.0,Cardiology,1,4568145.0,239396.7,232720.05,74,6.7695006512524145,False
1811174824,WA,98502.0,Pathology,1,4392621.0,1755740.18,1757456.63,75,6.768728075055106,False
1215024195,TX,77304.0,Urology,1,9531732.62,3395326.72,3470610.7,75,6.749417275796695,False
1588339691,MO,63026.0,Clinical Laboratory,1,1840432.28,832109.99,836558.43,78,6.738367622786269,False
1154946911,OH,44504.0,Physician Assistant,1,225790.31,55835.96,56033.13,73,6.713408555954644,False
1427268259,AZ,86301.0,Hematology-Oncology,1,36895947.1,8299414.43,8278917.61,76,6.687658053434214,False
1265514046,TN,38301.0,Mass Immunizer Roster Biller,1,5470.61,5313.11,5684.79,77,6.629906423865111,False
1538204532,MO,63901.0,Mass Immunizer Roster Biller,1,18571.61,18143.9,19277.66,75,6.625670770617038,False
1053018275,NE,68127.0,Clinical Laboratory,1,2963394.0,325455.32,325455.33,78,6.618855981894929,False
1487973103,CA,90403.0,Neurology,1,10462928.0,99127.91,97215.98,73,6.511218805697448,False
1083636294,CA,92103.0,Urology,1,948977.0,309195.88,307407.54,73,6.5050906190072215,False
1093230450,MO,63141.0,Ambulatory Surgical Center,1,17708786.05,3123005.93,3252156.03,73,6.469497608165317,False
1992776314,FL,33014.0,Pathology,1,5359703.38,1690873.6,1639443.77,77,6.441587264729895,False
1790871796,AL,35249.0,Diagnostic Radiology,1,3672597.5,307775.48,288620.89,73,6.380726168985496,False
1134331382,MO,63110.0,General Surgery,1,536173.35,60336.56,54836.15,57,6.318580159249625,False
1003069113,MS,39069.0,Nurse Practitioner,1,15106.53,2009.7,2037.3,72,6.301292687878054,False
1740700111,TX,78207.0,Ambulatory Surgical Center,1,3036885.0,835696.3,933189.6,66,6.2227554240082705,False
1538542519,WI,53226.0,Physician Assistant,1,651543.2,5623.57,4471.79,73,6.1484951228894005,False
1174574222,IL,60523.0,Diagnostic Radiology,1,5519945.49,567907.09,536730.4,76,6.1217823987275395,False
1164946984,OR,97225.0,Ambulatory Surgical Center,1,1979796.0,790809.5,716486.88,67,6.055845227718148,False
1326096785,CA,93010.0,Nuclear Medicine,1,15316015.92,5564094.69,5514594.74,76,6.03763769375777,False
1306139894,CA,91006.0,Ambulatory Surgical Center,1,7311222.0,361149.16,309494.19,72,5.9812463445985316,False
1477117893,OK,73160.0,Mass Immunizer Roster Biller,1,11439.36,10843.07,10983.76,75,5.937686134979613,False
1780614388,KS,66049.0,Certified Registered Nurse Anesthetist (CRNA),1,98860.41,10427.19,11023.95,53,5.8778951570884885,False
1396790218,MO,63376.0,Ambulance Service Provider,1,8908301.38,3549799.66,3673526.46,77,5.870892506901237,False
1295929511,NV,89502.0,Ophthalmology,1,13677840.47,7849390.26,7879629.23,77,5.869973519569416,False
1962400598,NY,10305.0,Anesthesiology,1,2573980.0,36965.49,32343.56,70,5.796179345228429,False
1083685283,AR,72703.0,Medical Oncology,1,15720888.4,4871061.42,4914229.36,74,5.751584217457571,False
1578270195,AZ,85206.0,Physician Assistant,1,237471.19,4109.19,3723.11,74,5.688822271417306,False
1104440189,CA,91204.0,Ambulatory Surgical Center,1,8376035.55,1031366.12,859097.7,73,5.678658097211982,False
1972953032,OH,45415.0,Nurse Practitioner,1,7657687.68,2621134.59,2608844.77,72,5.648493059879183,False
1639836034,TN,37232.0,Nurse Practitioner,1,8951632.72,2484421.38,2513684.2,72,5.621110311856585,False
1164494142,WI,53005.0,Clinical Laboratory,1,2975720.59,1018395.81,1058748.64,76,5.605342332974482,False
1447292529,GA,30322.0,General Surgery,1,390699.53,37253.98,31585.62,51,5.583757330368972,False
1770800062,AL,35249.0,Diagnostic Radiology,1,1401109.7,225926.66,224821.11,76,5.536776521161585,False
1235792615,NY,10032.0,Orthopedic Surgery,1,932245.65,12623.2,8651.68,72,5.528569021700312,False
1659473924,KS,66209.0,Ambulatory Surgical Center,1,28431960.84,2201875.85,2313358.05,73,5.503170423775143,False
1205899705,TX,79915.0,Ambulatory Surgical Center,1,5778575.0,352004.26,388652.76,74,5.476357696652053,False
1932515228,IA,52353.0,Pharmacy,1,1666261.75,886732.11,904933.61,82,5.474254900856262,False
1649791641,GA,30338.0,Ambulatory Surgical Center,1,3922536.51,928361.86,944707.07,63,5.445762028016889,False
1255728499,NJ,7932.0,Ambulatory Surgical Center,1,10422250.24,2991653.99,2845842.42,73,5.428769659632811,False
1861086910,NY,11211.0,Optometry,1,587718.94,363039.17,314886.59,79,5.395113664266351,False
1790275675,GU,96910.0,Nurse Practitioner,1,98339.59,54199.66,52102.34,63,5.383305767291155,False
1124187927,TX,78745.0,Medical Oncology,1,30229834.0,7171448.03,7140348.96,75,5.36274957255749,False
1578548376,TN,38138.0,Medical Oncology,1,16615922.89,3687425.52,3694633.64,74,5.358557716972022,False
1326056136,IL,60015.0,Internal Medicine,1,84665.56,61352.6,61915.76,79,5.354592880960935,False
1497407894,CA,95404.0,Ambulatory Surgical Center,1,10789359.0,3190604.9,2305785.8,74,5.27423856012845,False
1013336973,TX,75230.0,General Surgery,1,152845.0,30081.63,29648.35,50,5.248954930232464,False
1780065508,MI,48342.0,Interventional Cardiology,1,25170840.0,4529709.23,3928424.74,77,5.233026463298085,False
1588714430,CA,90807.0,Dermatology,1,8815353.54,4671276.55,4505706.37,75,5.179170558182572,False
1275523789,IA,50273.0,Chiropractic,1,3203.0,58.26,145.17,73,5.178977338958161,False
1154324366,TX,76508.0,Allergy/ Immunology,1,1702138.0,589084.82,591334.0,64,5.136328362127328,False
1821249616,CO,80134.0,Ambulatory Surgical Center,1,9387258.64,517512.37,526810.74,73,5.135611103324345,False
1326056052,TN,38104.0,Anesthesiology,1,3274728.0,106534.45,105905.29,73,5.099646416828858,False
1275995540,AR,72703.0,Hematology-Oncology,1,12880432.0,3997022.49,4037092.26,74,5.075737770515362,False
1194066209,VA,20110.0,Ambulance Service Provider,1,29264639.3,2209217.98,2880475.84,75,5.049692208696206,False
1669692059,GU,96913.0,Interventional Radiology,1,346616.14,122222.47,111772.25,71,5.0435812454107625,False
1447544192,IA,52233.0,Ophthalmology,1,21240515.0,7948200.78,8020800.92,78,4.995366778571997,False
1376996710,AR,71753.0,Nurse Practitioner,1,8214.0,2430.61,2553.01,66,4.991087202780542,False
1730182965,NC,27834.0,Hematology-Oncology,1,5822808.42,2130540.45,2134279.1,75,4.967700345356152,False
1154482909,PR,669.0,Clinical Laboratory,1,3161.86,3092.38,3104.9,73,4.924369991667503,False
1568061950,LA,70816.0,Nurse Practitioner,1,11500052.04,2965420.29,3096973.67,72,4.903154655320156,False
1033622287,FL,33618.0,Nurse Practitioner,1,3533227.4,2602690.02,2601601.28,78,4.891881513764729,False
1154999225,TN,37772.0,Nurse Practitioner,1,84380.0,32782.76,39135.43,68,4.882764447804695,False
1851320691,TN,38138.0,Hematology-Oncology,1,25316181.54,5479087.0,5562479.62,75,4.847431709945594,False
1619235009,AL,35031.0,Nurse Practitioner,1,4542292.2,3121033.41,3124113.84,74,4.8336572687104455,False
1992774590,TX,79106.0,Ophthalmology,1,24266525.0,8077935.87,8141631.99,77,4.832619295213443,False
1689444697,FL,32746.0,Nurse Practitioner,1,1102459.68,831382.27,831438.78,75,4.7993321099119095,False
1851340723,VI,802.0,Hematology-Oncology,1,526894.96,32896.76,53351.7,74,4.798033026731651,False
1073149365,MA,2155.0,Ambulatory Surgical Center,1,5483272.3,923404.31,915091.99,71,4.7967210556261755,False
1023547684,AL,35249.0,Diagnostic Radiology,1,580372.0,107142.55,110228.28,74,4.785580699714167,False
1518566132,FL,33196.0,Nurse Practitioner,1,4933990.53,3629923.64,3631232.47,77,4.727452512115752,False
1861702359,CA,92506.0,Ambulatory Surgical Center,1,1647250.0,879178.87,785937.61,69,4.7056332665224865,False
1720547367,TX,75235.0,Nurse Practitioner,1,4408.0,78.65,76.07,67,4.699652970256609,False
1992814735,FL,33607.0,Family Practice,1,1425320.6,1062170.63,1064336.12,68,4.69309547412891,False
1063649978,LA,70605.0,Ambulatory Surgical Center,1,24400012.67,3477752.71,3699937.1,73,4.5827280011269975,False
1316971518,CA,94107.0,Ambulance Service Provider,1,21597866.72,1949730.02,1665365.15,74,4.523797249995653,False
1376588160,CA,95128.0,Undefined Physician type,1,10441275.11,1550517.37,1188021.95,78,4.484076483326975,False
1356355119,NY,10016.0,Neurosurgery,1,2159024.0,77959.3,59614.98,72,4.4801929043787,False
1609026145,NJ,7039.0,Neurosurgery,1,2307875.0,80427.47,71773.99,69,4.474798646654689,False
1861748113,TX,78717.0,Nurse Practitioner,1,1975435.58,1493657.09,1494127.74,81,4.470294573045239,False
1700972072,CA,94118.0,Orthopedic Surgery,1,525183.5,124941.44,101654.91,75,4.4532041056497516,False
1750443289,TX,77098.0,Otolaryngology,1,15724040.5,3092570.5,2676121.13,73,4.427731970517705,False
1417042680,NJ,7083.0,Oral Surgery (Dentist only),0,9726.49,5600.16,5324.16,73,4.423291112720847,False
1982983532,WI,54449.0,Nurse Practitioner,1,969749.35,8824.25,9389.26,73,4.400452645943572,False
1801976915,FL,32806.0,Nephrology,1,134820.0,16227.92,16187.71,13,4.380482918206593,False
1720434731,TX,78130.0,Ambulatory Surgical Center,1,11699076.06,1969157.11,2169130.43,74,4.295271937470212,False
1548632003,MT,59102.0,Physician Assistant,1,1013918.2,9379.87,7310.32,73,4.2853907193636775,False
1093996233,GU,96913.0,Diagnostic Radiology,1,228955.1,82695.9,76817.53,72,4.281921662192846,False
1033137294,WI,54913.0,Internal Medicine,1,1869688.3,1003588.11,1008488.53,83,4.273859007320067,False
1669446852,NJ,8043.0,Ambulatory Surgical Center,1,25798567.0,1845956.2,1840610.1,71,4.2427188833293705,False
1023631579,TX,76118.0,Clinical Laboratory,1,610981.0,504414.2,504414.2,75,4.241690906307048,False
1316944846,AZ,86403.0,Ambulance Service Provider,1,12432182.53,3071463.95,2283988.51,77,4.233779758459191,False
1013634039,NJ,7013.0,Ambulatory Surgical Center,1,4097812.0,944754.39,796476.75,72,4.194574523300474,False
1851665467,TX,75022.0,Anesthesiology,1,1752400.0,16663.57,17403.4,72,4.192675705663547,False
1184885733,CA,95825.0,Physician Assistant,1,9948.03,2250.22,1842.39,75,4.183521543584359,False
1619129426,CA,91325.0,Cardiology,1,15366390.0,4583180.37,4100362.16,77,4.164055004815057,False
1922007764,FL,33607.0,Internal Medicine,1,1498839.4,605441.54,584976.88,65,4.146147354447291,False
1043286479,FL,33647.0,Family Practice,1,1568580.0,81516.43,85157.99,74,4.1160206540378175,False
1740513316,AZ,85027.0,Nurse Practitioner,1,468058.94,287907.64,288409.33,77,4.110096648000963,False
1912165952,TX,77005.0,Clinical Laboratory,1,1679559.01,1636485.11,1663346.69,76,4.099476235508638,False
1447803861,CA,94903.0,Independent Diagnostic Testing Facility (IDTF),1,10181825.04,3470626.77,3446550.66,78,4.086070162953369,False
1255549713,PA,19001.0,Neurology,1,4906902.0,2102628.59,2095121.96,74,4.035911815207324,False
1447788120,CA,94583.0,Ambulatory Surgical Center,1,27740268.81,1833100.88,1268261.45,74,3.979437062379473,False
1922208180,PA,19034.0,Family Practice,1,331107.35,88772.6,143867.8,74,3.9501753304671734,False
1952842288,TX,77030.0,Pediatric Medicine,1,12039.0,2768.91,2689.51,10,3.937531232815375,False
1578113833,OK,73111.0,Nurse Practitioner,1,4658557.84,3337989.23,3337721.74,75,3.9372206756519876,False
1588954929,CA,95350.0,Independent Diagnostic Testing Facility (IDTF),1,14614342.17,2308547.71,2215280.19,72,3.927975935388475,False
1669012282,FL,33462.0,Physician Assistant,1,359528.0,5232.93,3896.54,74,3.9194317242013392,False
1386796332,OH,43623.0,Ambulatory Surgical Center,1,13360473.38,3106507.38,3414578.05,73,3.9070324714642473,False
1609006782,NJ,8638.0,Diagnostic Radiology,1,3710287.0,76999.71,72102.23,74,3.887275660568954,False
1609530781,FL,33547.0,Physician Assistant,1,839750.34,8695.19,8064.11,74,3.8807278644967953,False
1083604151,TX,75234.0,Physician Assistant,1,2698448.58,32447.19,32525.2,75,3.8773546753069796,False
1548940158,NJ,7601.0,Nurse Practitioner,1,4371594.06,3346581.61,3338835.82,81,3.8680536980862854,False
1558609008,NY,11229.0,Clinical Laboratory,1,1065827.55,811920.2,812095.35,79,3.854419664576425,False
1780793331,MS,39401.0,Neurology,1,11521354.06,2907472.27,2931542.7,77,3.8459364129325895,False
1699936252,AR,72205.0,Hematology-Oncology,1,20881322.11,6037843.21,6072911.89,75,3.8238249021194255,False
1922200914,TX,77833.0,Physician Assistant,1,4089.36,586.28,603.69,70,3.8120125330231245,False
1245211218,PR,650.0,Clinical Laboratory,1,10887.26,7710.52,8300.19,75,3.811154980287802,False
1275598732,CA,94598.0,Pathology,1,3723144.21,1541071.48,1100322.72,76,3.788547198407728,False
1508042581,PA,19114.0,Hematology-Oncology,1,22560601.0,5163737.76,5109824.31,74,3.7779119030174506,False
1265791628,AL,35249.0,Diagnostic Radiology,1,615451.0,94142.24,107085.63,75,3.777196740729602,False
1487657144,KS,67456.0,Mass Immunizer Roster Biller,1,66189.28,64853.35,67293.73,75,3.747638787450473,False
1275769556,FL,32818.0,General Practice,1,10481767.1,4892726.32,4896947.12,82,3.731459817807494,False
1053370742,NY,13676.0,Diagnostic Radiology,1,3220648.32,608163.17,615318.92,73,3.6935368063106564,False
1477711521,CA,92020.0,Family Practice,1,653378.24,298574.79,314332.16,67,3.689695023099901,False
1659924587,IN,47715.0,Nurse Practitioner,1,559135.96,212308.4,212612.51,69,3.6748930042872674,False
1861683245,CA,90048.0,Orthopedic Surgery,1,8650067.0,185610.33,176142.82,73,3.6694925615621257,False
1215636444,FL,32814.0,Physician Assistant,1,4914728.06,3610613.18,3613359.87,77,3.641035099247892,False
1710277728,IL,60153.0,General Surgery,1,467602.8,76546.08,64363.31,59,3.6184584960163466,False
1154996262,LA,70809.0,Clinical Laboratory,1,5660792.82,3695279.1,3696490.62,78,3.5673852275296083,False
1033420260,NY,12208.0,Ophthalmology,1,9514377.52,3828512.52,3853685.93,76,3.5250352588501883,False
1518935006,TX,77401.0,Family Practice,1,4052517.01,2773524.72,2772976.48,75,3.4494839413316747,False
1508427352,SD,57770.0,Ambulance Service Provider,1,1141460.6,88544.8,96458.46,67,3.4287703424869216,False
1346331329,SC,29414.0,Ambulatory Surgical Center,1,10541425.84,4027851.62,4324847.69,74,3.4177813769379117,False
1689936486,WI,53226.0,Cardiology,1,43485.0,1004.34,1078.2,41,3.3959861626847676,False
1508491036,IL,60514.0,Clinical Laboratory,1,554179.0,77788.7,77789.16,80,3.3565984396464312,False
1053426700,CA,93551.0,Neurosurgery,1,4460060.0,178277.61,177164.94,70,3.349485502260606,False
1225035280,VI,820.0,Internal Medicine,1,186290.15,135507.09,137462.45,69,3.2641125204500216,False
1376523357,MD,21921.0,Clinical Laboratory,1,935929.31,331620.51,334178.57,73,3.1920330278144426,False
1437591781,NJ,8807.0,Physician Assistant,1,38737.7,740.38,559.86,71,3.191058935838212,False
1972759215,NY,11004.0,Psychiatry,1,69474.6,19302.86,19321.8,25,3.142226764105253,False
1275530271,IA,52002.0,Ambulatory Surgical Center,1,21893745.5,2849021.79,3108029.74,73,3.1239392209448393,False
1861028854,FL,33487.0,Independent Diagnostic Testing Facility (IDTF),1,6671489.97,347991.79,347910.75,73,3.083731704436902,False
1225452303,VA,22911.0,Ambulatory Surgical Center,1,4525283.4,956000.06,1023884.02,72,3.082504762156649,False
1093378929,WA,98105.0,Diagnostic Radiology,1,4581.0,1017.09,922.23,12,3.0803335511936627,False
1245789189,CA,91324.0,Nurse Practitioner,1,4052499.3,3078125.73,3069618.72,82,3.0679609196538937,False
1487632998,MD,20877.0,Clinical Laboratory,1,14720924.0,3738961.8,3775349.96,68,3.046787612554537,False
1407835184,FL,32405.0,Dermatology,1,2734948.02,727977.14,705477.18,75,3.037155755082013,False
1346262276,CA,93274.0,Diagnostic Radiology,1,64275.0,2124.11,2466.03,67,3.035934832366026,False
1750467155,UT,84092.0,Nurse Practitioner,1,2645.0,364.36,406.08,50,3.021380243106229,False
1861499931,FL,33880.0,Family Practice,1,1187175.81,456759.25,463334.84,77,3.010270430338217,False
1417566753,AR,72205.0,Nurse Practitioner,1,5186122.48,1912491.59,1913639.39,72,3.002201971917371,False
1942663372,NY,10032.0,Neurosurgery,1,1868679.0,27664.02,22542.52,75,3.000867611539613,False
1932264363,LA,70808.0,Mass Immunizer Roster Biller,1,6436.23,6300.79,6984.2,74,2.9604741918476876,False
1255797726,CT,6002.0,Ambulatory Surgical Center,1,13736570.6,1607002.95,1535438.64,76,2.955340335855846,False
1952149627,TX,78745.0,Nurse Practitioner,1,1813887.71,1260401.79,1259832.29,75,2.943743316218555,False
1730151317,TX,75067.0,Clinical Laboratory,1,5652297.55,1576391.12,1594506.14,74,2.9214661647383195,False
1285630731,NY,11733.0,Hematology-Oncology,1,10080290.69,2441503.1,2353107.17,76,2.9200997348227045,False
1750592531,PA,17604.0,Ambulatory Surgical Center,1,20857502.6,3617137.21,3833863.43,75,2.911460158405024,False
1821072182,CA,95817.0,General Surgery,1,199211.0,31438.6,31114.47,58,2.90908143162104,False
1073094165,TX,77401.0,Nurse Practitioner,1,773365.14,580625.84,580212.93,78,2.894117380960278,False
1205137189,CA,91201.0,Independent Diagnostic Testing Facility (IDTF),1,6723202.5,1014445.44,881929.22,74,2.826069940613081,False
1861615130,FL,32940.0,Hematology-Oncology,1,19111047.8,6328219.4,6320386.3,76,2.807068185766356,False
1831827948,NJ,8817.0,Physician Assistant,1,2250897.21,38011.43,35362.55,76,2.8032934276396695,False
1114172004,WI,53226.0,Diagnostic Radiology,1,8558.0,376.4,382.26,21,2.7940483452212845,False
1700880465,NY,11772.0,Hematology-Oncology,1,13313300.11,3109700.74,3008835.37,74,2.783089432099601,False
1922024942,MD,21502.0,Diagnostic Radiology,1,2922232.0,504028.78,493608.26,74,2.76777435975362,False
1629479795,IL,60637.0,Thoracic Surgery,1,181013.0,24139.96,22532.72,67,2.75680545270804,False
1922101161,NJ,7728.0,Hematology-Oncology,1,27160986.0,6324491.39,6274167.63,77,2.743717119862305,False
1265796130,TX,78539.0,Cardiology,1,7957291.0,1854219.27,1933352.18,75,2.7394442893083983,False
1588262570,TX,77578.0,Nurse Practitioner,1,4331386.44,3255189.45,3254163.84,79,2.6565862938164173,False
1184051088,TX,78240.0,Ambulatory Surgical Center,1,17674570.66,1510537.43,1641862.4,73,2.6443509219640404,False
1033304696,SC,29425.0,Cardiology,1,17607.0,609.52,624.09,29,2.6150131858173484,False
1225142656,NY,10598.0,Hematology-Oncology,1,8990793.93,2797586.83,2724758.63,75,2.599893237577776,False
1548234073,IL,60463.0,Internal Medicine,1,2198333.29,1413603.49,1382185.92,76,2.5994685556561468,False
1407302565,NJ,7754.0,Podiatry,1,5822591.61,3220702.96,3208112.24,75,2.597946193712689,False
1942231204,NJ,7753.0,Ambulatory Surgical Center,1,15675243.93,1091227.59,1032655.13,73,2.587315141832299,False
1386678993,TX,78723.0,Nephrology,1,89107.0,27094.61,26393.77,14,2.5712035685658083,False
1316926405,NE,68154.0,Ambulatory Surgical Center,1,7964371.8,1287287.18,1327838.46,74,2.55257575044919,False
1811609621,SC,29605.0,Nurse Practitioner,1,230143.0,74054.81,70653.55,77,2.5522749377075975,False
1669588422,NJ,7504.0,Family Practice,1,63799.92,43423.27,40665.69,73,2.5507555068265635,False
1275677965,VI,820.0,Urology,1,1269601.64,418066.98,425275.03,75,2.5470403352292337,False
1962670687,CA,92501.0,Ambulatory Surgical Center,1,70700.02,31200.99,27449.16,69,2.537723588247381,False
1326268475,PA,19462.0,Ophthalmology,1,28325859.0,6796255.81,6684561.3,77,2.527957824929679,False
1942455449,TX,77025.0,Ambulatory Surgical Center,1,20155806.4,2620354.87,2628700.03,75,2.5276600828959808,False
1356669436,NY,11237.0,Certified Registered Nurse Anesthetist (CRNA),1,385716.0,7818.5,6329.77,76,2.5255591166035973,False
1265999890,FL,32163.0,Nurse Practitioner,1,3836228.47,2739588.51,2730072.72,76,2.50644449078502,False
1467435461,IL,62473.0,Ambulance Service Provider,1,14826492.5,1366618.73,1208042.18,74,2.463278577533586,False
1326368770,IN,46260.0,Internal Medicine,1,3067926.78,2368235.54,2369374.99,73,2.462693578420801,False
1952525198,TX,78132.0,Chiropractic,0,168295.99,80117.96,87032.75,74,2.454689492252193,False
1538721451,WI,53158.0,Physician Assistant,1,128822.5,1290.68,937.89,70,2.4189698483350615,False
1144725466,CA,90048.0,Internal Medicine,1,14565.0,6347.27,5836.9,68,2.4066475646813466,False
1902190572,VI,820.0,Physician Assistant,1,3593.0,841.03,840.55,70,2.4049808359752625,False
1235584962,MI,48202.0,Radiation Oncology,1,9720235.0,1744153.65,1675510.42,77,2.4002617766239016,False
1194333054,TN,37934.0,Nurse Practitioner,1,8121421.9,3559732.04,3588320.29,74,2.3929161912402783,False
1053481416,PR,674.0,Clinical Laboratory,1,1953.77,1726.82,1823.92,71,2.375198865337275,False
1609850262,MN,55435.0,Internal Medicine,1,684759.79,204615.41,204762.69,75,2.3497824452905043,False
1033115472,TX,77027.0,Ambulatory Surgical Center,1,5454795.0,3123788.3,3169036.35,73,2.3472738114548957,False
1679949234,CA,91360.0,Ambulatory Surgical Center,1,628295.0,40521.75,35093.82,72,2.344667062576967,False
1699004515,OH,45877.0,Mass Immunizer Roster Biller,1,91862.34,89946.68,101068.44,81,2.321061271219481,False
1740944784,NJ,7042.0,Ambulance Service Provider,1,700300.0,280602.4,330180.28,80,2.2832915942960863,False
1598903221,CA,91007.0,Ambulatory Surgical Center,1,2572820.3,129856.03,114227.38,72,2.280592087337059,False
1528565710,AK,99591.0,Nurse Practitioner,1,76830.87,16385.82,12996.79,73,2.2792983253046053,False
1821494055,NY,10604.0,Physician Assistant,1,202648.84,2797.03,1998.0,74,2.2756446802682344,False
1942439021,CA,94598.0,Hematology-Oncology,1,567537.05,129441.86,128213.3,68,2.2626399583585446,False
1588867030,CA,90505.0,Ambulatory Surgical Center,1,16619693.19,1161205.33,997591.96,74,2.245521790491898,False
1942219506,OH,45229.0,Pediatric Medicine,1,45865.0,7635.2,7770.59,10,2.2394088314373786,False
1275690737,WV,25301.0,Ambulance Service Provider,1,3850691.89,2422353.22,2527838.53,75,2.2388803939651876,False
1306293618,AL,35613.0,Nurse Practitioner,1,3334657.53,2336707.69,2341674.02,80,2.226845476958241,False
1124076930,PA,19462.0,Ophthalmology,1,28078676.0,6789361.8,6707796.27,78,2.226788265709059,False
1295817435,NJ,8034.0,Ambulatory Surgical Center,1,8316749.0,3333526.19,3334915.55,75,2.2086865310340045,False
1205090107,FL,32224.0,Hematology-Oncology,1,11956982.97,2536143.65,2566794.26,73,2.203750446672675,False
1225724818,CA,92093.0,Nurse Practitioner,1,142139.0,25711.97,25579.66,72,2.199782606277985,False
1053600312,CA,94523.0,Hematology-Oncology,1,274489.2,68457.34,67458.75,67,2.1825756430031262,False
1396871919,GU,96913.0,Family Practice,1,103662.72,59946.11,60509.03,72,2.173009773522729,False
1407464936,IL,60091.0,Nurse Practitioner,1,5251.0,123.39,105.57,74,2.1468454277224964,False
1043772148,TX,77478.0,Orthopedic Surgery,1,69566.29,1589.96,1490.46,75,2.129653335203905,False
1548492325,TX,77030.0,Interventional Radiology,1,38689.0,2078.42,1962.13,17,2.1027221731720918,False
1104854751,OH,44718.0,Hematology-Oncology,1,5780785.16,1344313.2,1391855.33,72,2.0987202401410254,False
1033760723,FL,34484.0,Ambulatory Surgical Center,1,17569586.66,3555366.92,4088240.8,78,2.0817640504257273,False
1982661344,UT,84107.0,General Surgery,1,254254.0,28876.96,28880.51,66,2.068923756668717,False
1871914457,CA,90509.0,Diagnostic Radiology,1,569184.0,122614.32,111427.52,77,2.022050257317206,False
1417922915,VA,22310.0,Ambulatory Surgical Center,1,17821696.87,2265516.74,2277983.95,73,2.010039287408299,False
1578708558,IL,60661.0,Nurse Practitioner,1,2802094.1,1941463.32,1942611.89,80,1.9781070833262238,False
1992022297,CA,91764.0,Ambulatory Surgical Center,1,2483052.0,748544.85,676849.67,71,1.9735845856132155,False
1174534994,MI,49201.0,Infectious Disease,1,2869180.9,1157366.85,1181523.85,72,1.9599219380456816,False
1528346152,GA,30309.0,Physician Assistant,1,11248.0,3636.81,3635.23,50,1.9466513662698954,False
1376585182,CA,94904.0,Mass Immunizer Roster Biller,1,636174.08,620131.78,628046.39,76,1.9431473797775798,False
1891175188,AZ,85338.0,Ambulatory Surgical Center,1,21815195.93,2016379.75,2037046.62,73,1.9252171150505806,False
1124043096,WY,82070.0,Public Health or Welfare Agency,1,10081.0,9874.82,11573.86,76,1.9039369837654991,False
1528762671,TN,37923.0,Ambulatory Surgical Center,1,2512721.09,308829.08,365871.86,72,1.901247984287041,False
1629067244,CO,80130.0,Diagnostic Radiology,1,6111765.73,511127.11,516564.79,76,1.8932155896312928,False
1538727128,PR,953.0,Clinical Laboratory,1,6357.81,5467.69,5703.09,70,1.8807137915014565,False
1063413748,FL,33323.0,Physician Assistant,1,3839050.08,39994.12,31767.7,78,1.8739131496609964,False
1336605682,CA,90710.0,Certified Registered Nurse Anesthetist (CRNA),1,1100918.0,35579.32,34329.45,73,1.869019152253804,False
1710957311,NE,68516.0,Rheumatology,1,10459987.0,3607492.72,3627046.31,75,1.8464779922045391,False
1053337295,PA,18704.0,Medical Oncology,1,14971219.9,5542224.85,5604362.32,76,1.8427802480790678,False
1235545849,TN,38105.0,Pediatric Medicine,1,67396.0,14241.01,14194.52,10,1.8356526014053394,False
1720169501,KY,42003.0,Family Practice,1,56518.0,18423.53,25791.97,75,1.809277945732699,False
1285977256,NJ,7607.0,Plastic and Reconstructive Surgery,1,1524105.0,46328.7,38884.4,71,1.783515495272555,False
1861580367,NJ,8807.0,Interventional Pain Management,1,4076101.54,74760.22,67601.08,73,1.7821809888804179,False
1649053455,CA,92025.0,Nurse Practitioner,1,9026568.46,3427556.23,3422117.12,75,1.774876483831223,False
1881690337,NY,11733.0,Hematology-Oncology,1,2894559.56,747263.78,703334.04,77,1.7735071568911795,False
1063659605,IN,46902.0,Ambulatory Surgical Center,1,10798525.95,915113.13,928662.14,72,1.7600653702450817,False
1255351714,WA,98512.0,Ambulatory Surgical Center,1,693095.67,278822.13,273699.49,70,1.755560221214111,False
1225122716,GA,30501.0,Rheumatology,1,12864741.17,3747956.03,3774979.11,74,1.7485873937324943,False
1073516795,IA,52807.0,Ambulatory Surgical Center,1,16023326.0,4189185.11,4638672.32,75,1.731920214841674,False
1396155461,AZ,85027.0,Radiation Oncology,1,8466709.5,3181519.19,3204013.76,74,1.7206626745757738,False
1386677516,SD,57117.0,Physician Assistant,1,265677.0,28753.41,28613.32,72,1.6848622733935592,False
1548308448,OK,74146.0,Gynecological Oncology,1,5010717.0,1536066.36,1540436.19,73,1.6827562421269686,False
1245239656,AZ,85206.0,Ambulatory Surgical Center,1,15772283.17,1879641.27,1907662.07,75,1.678707352074861,False
1285617571,FL,32224.0,Family Practice,1,1371948.1,299853.14,301469.46,74,1.6705324423732257,False
1003245317,TX,77085.0,Clinical Laboratory,1,7590785.0,2107808.36,2095514.85,76,1.6266307193358038,False
1851917207,TX,75229.0,Clinical Laboratory,1,608297.1,389135.12,389135.12,73,1.6262477407767904,False
1124089917,MN,55336.0,Family Practice,1,41202.46,11147.56,10907.15,85,1.6121243964269265,False
1063459428,MP,96950.0,Internal Medicine,1,78362.78,36613.05,44482.66,73,1.6120421292115292,False
1912939513,FL,33323.0,Emergency Medicine,1,294849.0,194711.25,194214.97,77,1.607133854287552,False
1588071724,PA,19607.0,Centralized Flu,1,3994.51,3751.46,3809.92,76,1.5956749890958228,False
1801103643,TN,38138.0,Hematology-Oncology,1,26654127.74,5928098.28,5930585.22,73,1.5819980701564962,False
1518401256,VI,802.0,Registered Dietitian or Nutrition Professional,1,4510.0,1823.86,1817.61,68,1.5661885545606857,False
1598211419,NH,3032.0,Ambulatory Surgical Center,1,1996185.0,183219.73,182854.89,72,1.5593159211836252,False
1285735860,NJ,7932.0,Internal Medicine,1,2238221.0,774705.94,694554.87,70,1.555610803330259,False
1255332839,NY,10021.0,Medical Oncology,1,9394369.0,3088722.01,3064828.3,77,1.5478028582828838,False
1487872412,MA,2114.0,Ophthalmology,1,27510959.0,6300703.67,6183888.88,79,1.5402223324967945,False
1336180991,GA,30329.0,Nephrology,1,139594.95,16797.46,16715.41,11,1.533877268332283,False
1306954995,FL,33136.0,Thoracic Surgery,1,342999.5,64855.71,53034.78,65,1.5289222236137174,False
1912296476,AL,35249.0,Nurse Practitioner,1,28810.0,6888.02,7340.88,58,1.5280244223966069,False
1679537526,IN,47150.0,Family Practice,1,6141703.51,3077562.57,3099993.24,77,1.5206477813799957,False
1609050939,NJ,7733.0,Plastic and Reconstructive Surgery,1,3453618.0,83161.46,71425.13,74,1.5161494981520196,False
1871838003,IN,46410.0,Ambulatory Surgical Center,1,13008733.4,904547.32,972036.93,72,1.5036282411042805,False
1184363954,GU,96913.0,Registered Dietitian or Nutrition Professional,1,8204.4,4819.21,4497.6,72,1.4982315010306309,False
1710400676,RI,2857.0,Centralized Flu,1,2667.23,2591.21,2656.42,75,1.4905551656827196,False
1366416125,TX,78759.0,Ambulatory Surgical Center,1,18938009.31,2244180.07,2394124.69,73,1.4750693384625375,False
1013161652,TX,75230.0,Physician Assistant,1,150107.0,20181.77,20162.0,69,1.4612936811176596,False
1063626588,VI,840.0,Physical Therapist in Private Practice,1,115335.0,22139.89,22099.75,74,1.4514418391677761,False
1962141069,AL,35249.0,Certified Registered Nurse Anesthetist (CRNA),1,157010.0,7270.54,7658.11,69,1.4184387601022923,False
1285646034,CA,91006.0,Podiatry,1,75842.0,58560.2,56270.56,77,1.4166747595666376,False
1750789814,CA,95124.0,Ambulatory Surgical Center,1,9879656.3,1047248.75,716834.88,74,1.4161695687382796,False
1992767404,LA,71301.0,Interventional Radiology,1,6665235.0,1822705.4,1930927.06,75,1.4138496300582606,False
1851384846,OH,43041.0,Internal Medicine,1,65675.0,22011.69,23460.84,77,1.4035995595427995,False
1699934844,NY,10029.0,Diagnostic Radiology,1,7330178.47,199674.28,175574.79,73,1.4000553497892056,False
1861065153,NJ,7036.0,Physician Assistant,1,872543.0,15612.58,14360.77,75,1.3874112508992518,False
1912112491,NJ,7621.0,Ambulance Service Provider,1,2670858.8,1099773.73,1064182.81,83,1.3750321074417435,False
1538644166,VA,23188.0,Pharmacy,1,611753.53,534986.25,537114.7,80,1.3694962181168453,False
1376759621,PR,956.0,Clinical Laboratory,1,4326.18,3420.87,3440.05,80,1.3651321661050115,False
1538216148,MN,55443.0,Family Practice,1,336294.45,111252.02,112505.62,66,1.3622195371973262,False
1134266463,VI,802.0,Family Practice,1,177537.14,124218.93,124197.56,73,1.3431692324215039,False
1770576969,WI,54601.0,Physician Assistant,1,1004635.0,22596.18,23390.6,72,1.3157356218321485,False
1598741837,SC,29307.0,Neurology,1,16711401.67,3998044.51,4095963.42,73,1.3051048927657742,False
1639688252,WI,53792.0,Nurse Practitioner,1,436977.78,68666.76,75664.57,54,1.2851187211724397,False
1497760730,AZ,85284.0,Centralized Flu,1,9099.59,8829.68,9123.72,77,1.2820295110163134,False
1447785480,TX,75390.0,Diagnostic Radiology,1,1887091.86,359234.85,356536.12,75,1.2813809212722642,False
1699782136,TX,78654.0,Chiropractic,1,124350.0,59046.94,66760.44,74,1.2680657074039399,False
1053345629,NJ,8753.0,Hematology-Oncology,1,9008629.5,4245857.56,4150633.01,78,1.2632681868476432,False
1699784967,CA,95501.0,Diagnostic Radiology,1,2118453.0,624355.5,605661.66,73,1.2617870192839487,False
1114282076,GA,30080.0,Pathology,1,2914817.0,849899.77,809620.93,76,1.2446810527687937,False
1831176874,IN,46321.0,Hematology-Oncology,1,12312830.04,4883482.05,4919713.14,75,1.2211344971571911,False
1790765543,FL,33431.0,Rheumatology,1,9516139.0,2980164.23,2938290.87,78,1.1955842219479749,False
1063082659,AL,35249.0,Certified Registered Nurse Anesthetist (CRNA),1,184000.0,8472.55,8920.18,69,1.1938508688242013,False
1538168075,FL,33030.0,Obstetrics & Gynecology,1,3566662.57,2130577.01,2128617.12,78,1.1920277162938646,False
1720227945,CT,6810.0,Ambulatory Surgical Center,1,18472375.99,2677643.68,2484579.85,73,1.1901462978592203,False
1700474509,NY,11516.0,Nurse Practitioner,1,67605.06,43181.02,42634.63,86,1.1877154496145508,False
1366495509,NY,11501.0,Hematology-Oncology,1,12983475.55,3164644.16,3108780.37,76,1.1772591831889851,False
1467159590,CA,93612.0,Nurse Practitioner,1,2811668.5,1777822.02,1768008.72,77,1.1724326081299612,False
1629730528,FL,33759.0,Nurse Practitioner,1,955560.0,373944.78,375017.68,81,1.1689645375202087,False
1629500400,NE,68198.0,General Surgery,1,82936.5,8610.91,6851.63,53,1.1441205959472551,False
1558534495,AZ,85259.0,Hematopoietic Cell Transplantation and Cellular Therapy,1,8722552.25,1719817.08,1711828.13,74,1.1303019961977085,False
1124526306,IN,47714.0,Ambulatory Surgical Center,1,1438049.0,313521.67,331679.6,68,1.1282237091222012,False
1306145859,AZ,86001.0,Rheumatology,1,12878598.15,4848646.24,4825174.45,73,1.1233715556543409,False
1750835179,MO,64118.0,Ambulatory Surgical Center,1,11505510.43,1159373.89,1218731.8,71,1.122997263783267,False
1073546156,SD,57117.0,Physician Assistant,1,271359.0,28984.74,30107.56,72,1.1219315641767107,False
1336235456,OK,73142.0,Radiation Oncology,1,6241843.0,1750563.14,1895156.59,75,1.1218945019541096,False
1871977041,NY,13057.0,Hematology-Oncology,1,5212769.0,2032557.38,2083424.75,75,1.117510628058751,False
1205195146,FL,32163.0,Diagnostic Radiology,1,3188719.46,726318.75,746839.73,77,1.1170454037630133,False
1811515034,WA,98383.0,Ambulatory Surgical Center,1,20362118.65,2719287.08,2424016.17,74,1.1049590516091428,False
1144576224,OR,97055.0,Podiatry,1,1864096.26,1192362.2,1190185.55,76,1.1038784157618196,False
1396210696,NM,87111.0,Nurse Practitioner,1,3598993.43,2673488.76,2673814.75,76,1.0847830411403834,False
1104018951,NV,89106.0,Diagnostic Radiology,1,3678176.65,186520.74,186183.23,74,1.0747699082728719,False
1093767733,IL,60076.0,Rheumatology,1,10996324.0,4207635.3,4160576.32,75,1.0619441312545685,False
1235864448,NJ,8360.0,Pharmacy,1,14432.29,9615.46,10105.26,54,1.0590642947390627,False
1073009304,AK,99645.0,Ambulatory Surgical Center,1,9484717.06,816980.24,762259.79,71,1.0454615208719549,False
1629045703,MA,1655.0,Diagnostic Radiology,1,931604.0,138424.65,135535.96,73,1.0200174245725844,False
1457325086,PA,19462.0,Ophthalmology,1,26362412.0,6608280.89,6507093.5,76,1.0183758605545385,False
1780625558,KS,67226.0,Interventional Cardiology,1,12062306.38,3324173.66,3438534.92,75,1.0114398994065148,False
1174522486,IL,61615.0,Hematology-Oncology,1,22206490.66,5231240.58,5271096.66,74,1.0089899529534598,False
1437393352,NJ,8822.0,Hematology-Oncology,1,12603833.56,3709912.06,3666125.48,75,1.0041115107684995,False
1124073655,TX,77478.0,Rheumatology,1,9920925.0,2734480.75,2756810.87,73,1.0009900537210683,False
1598736530,CA,92804.0,Mass Immunizer Roster Biller,1,74020.78,41563.85,40611.66,56,0.9980815138485379,False
1528625027,CO,81303.0,Podiatry,1,1651008.22,1222200.07,1222065.42,77,0.9974420757123195,False
1902062524,NY,11102.0,Physician Assistant,1,76457.11,1108.44,696.22,70,0.9973247789644084,False
1801850003,NY,11235.0,Psychiatry,1,993740.87,347911.99,329350.02,75,0.9881442045504603,False
1477955243,AK,99503.0,Physician Assistant,1,1427770.9,22479.33,15182.73,71,0.9804968405302965,False
1558312579,CA,90211.0,Diagnostic Radiology,1,1401699.14,305784.45,297220.76,75,0.980035787590742,False
1497869291,NE,68124.0,Obstetrics & Gynecology,1,10664.0,2606.83,2860.25,35,0.9791338157474829,False
1508967639,NE,68901.0,Maxillofacial Surgery,0,17625.0,6654.23,7487.53,76,0.9677474194396751,False
1124077185,AZ,85704.0,Radiation Oncology,1,5660310.6,1288936.22,1298167.58,76,0.9674071492483911,False
1598732299,TN,38301.0,Diagnostic Radiology,1,1280775.66,244115.08,269777.97,75,0.9559151374346655,False
1851712764,NJ,8036.0,Nurse Practitioner,1,17110.0,7921.62,7579.13,70,0.9541533310710584,False
1316133044,MN,55369.0,Ambulatory Surgical Center,1,3812217.02,713557.97,709887.19,70,0.9465997779847282,False
1467996397,TX,75235.0,Nurse Practitioner,1,2547898.0,1708698.24,1710320.52,79,0.9457636187837632,False
1568619021,LA,70808.0,Nurse Practitioner,1,4920.0,1698.66,1732.69,68,0.9417618562510572,False
1205346053,IL,60047.0,Nurse Practitioner,1,11925.0,1290.6,1223.75,90,0.9376726385769132,False
1053597161,IL,60192.0,Ambulatory Surgical Center,1,3202293.0,255511.42,252803.45,71,0.934786778557628,False
1811189582,FL,34237.0,Chiropractic,0,3780.0,1593.54,1793.72,76,0.9187827171209921,False
1225076078,TX,75093.0,General Surgery,1,2858123.0,90529.22,78153.6,70,0.9171089884746682,False
1912930900,CA,91361.0,Clinical Laboratory,1,5121717.07,2202417.88,2008939.81,74,0.9135752260898755,False
1992192488,GA,30327.0,Ambulatory Surgical Center,1,1616209.5,292263.44,292408.0,72,0.9095470952943359,False
1912988551,AL,36426.0,Physician Assistant,1,3205.0,945.14,1043.82,76,0.908756355047311,False
1790326601,TN,37216.0,Nurse Practitioner,1,2707.1,355.02,426.59,77,0.8992440384088738,False
1932408051,NJ,8036.0,Ambulance Service Provider,1,1671266.4,582518.71,741007.01,76,0.887017364632305,False
1386740421,CA,93257.0,Cardiology,1,12135915.0,3600284.98,3243257.6,74,0.8867862819491883,False
1457557324,CA,92868.0,Pathology,1,2744627.68,567262.5,551359.9,75,0.8853617248138317,False
1306954409,KS,67045.0,Family Practice,1,7112.34,2840.75,3398.87,74,0.8832265876507392,False
1124349980,CA,92868.0,Diagnostic Radiology,1,1304976.65,226677.57,209654.61,75,0.8679012432737174,False
1942227384,TX,79912.0,General Surgery,1,573142.2,156523.58,162580.98,62,0.8677522042065036,False
1831381524,OH,44122.0,Rheumatology,1,874718.0,500478.94,501036.11,74,0.8639389898430352,False
1962799775,NM,87401.0,Internal Medicine,1,14800735.92,2691097.11,2681160.27,73,0.8508068280278991,False
1295189363,GA,30606.0,Nurse Practitioner,1,4426544.07,1259564.74,1255069.28,73,0.8437686475481385,False
1790990562,LA,71103.0,Cardiology,1,8587.0,826.12,871.94,29,0.8366179839971384,False
1275705675,WY,82941.0,Chiropractic,0,12280.0,7809.84,8318.86,74,0.8202413601863139,False
1205507837,NY,11501.0,Physician Assistant,1,360665.0,4358.94,2835.78,74,0.8157942587168261,False
1518377191,NJ,8901.0,Plastic and Reconstructive Surgery,1,465816.0,15160.75,13473.32,68,0.8147848542262679,False
1689773244,CA,93103.0,Ophthalmology,1,22200131.64,6431002.16,6403908.71,77,0.8061945935408268,False
1891927026,IN,46202.0,Physician Assistant,1,415660.0,7282.15,7624.71,58,0.8058856420339424,False
1932948130,DC,20016.0,Physician Assistant,1,310930.0,3683.47,3018.24,74,0.8054441744699616,False
1912107772,CA,93420.0,Diagnostic Radiology,1,8385372.6,3162485.94,2745476.95,74,0.8003815198914666,False
1225347099,CA,91763.0,Clinical Laboratory,1,496560.0,229612.76,229612.76,78,0.7982820969192499,False
1538187547,CA,91505.0,Hematology-Oncology,1,17758777.63,2513024.68,2470921.99,75,0.7882810663915105,False
1962007757,UT,84062.0,Ambulatory Surgical Center,1,9305130.22,1633925.54,1711492.61,73,0.7739499994449925,False
1467771279,NJ,7450.0,Neurosurgery,1,4076981.0,87424.01,75512.35,74,0.7509775778345418,False
1144514993,AL,35249.0,Obstetrics & Gynecology,1,13657.0,3923.77,4347.31,64,0.7509414054862678,False
1295962876,WA,98122.0,Family Practice,1,4066021.1,1006500.23,973705.72,74,0.7458207466963707,False
1407856651,IA,50266.0,Certified Registered Nurse Anesthetist (CRNA),1,1481514.0,445047.41,502528.71,60,0.7422261481519676,False
1104824465,MD,21061.0,Nephrology,1,21856.62,6313.66,5955.57,72,0.7385900326689523,False
1235103029,FL,32955.0,Ambulance Service Provider,1,4706378.65,2245903.96,2151643.81,78,0.727665102934342,False
1548226442,CA,92123.0,Ambulatory Surgical Center,1,500977.0,127900.72,112871.73,71,0.7266178356070352,False
1700877628,AZ,85369.0,Family Practice,1,3550.0,890.36,905.27,72,0.7207731199355614,False
1336123264,GA,30060.0,Ambulatory Surgical Center,1,296592.85,158945.54,193373.72,75,0.7130752760352177,False
1841394764,MD,20854.0,Mass Immunizer Roster Biller,1,503013.9,492816.8,500172.34,76,0.7032385775091843,False
1265759815,NY,12498.0,Mass Immunizer Roster Biller,1,886897.1,600491.57,589058.74,75,0.7010928288471963,False
1679837595,AL,35249.0,Anesthesiology,1,391858.0,18863.8,19870.09,71,0.6996109149762777,False
1548281926,FL,34986.0,Vascular Surgery,1,2896807.78,147948.59,146466.22,73,0.6976211217414221,False
1528326725,FL,32504.0,Podiatry,1,3662553.5,2663877.54,2663730.63,74,0.6923215765923434,False
1851006316,FL,33765.0,Ambulatory Surgical Center,1,1396835.4,82301.65,86086.5,72,0.691510917609973,False
1932111952,KS,67212.0,Family Practice,1,619215.5,224686.12,241851.44,74,0.6887374678491209,False
1245465343,FL,32256.0,Diagnostic Radiology,1,3960937.0,183604.98,180817.64,75,0.6867228665197054,False
1306878087,LA,70002.0,Anesthesiology,1,794560.0,10158.11,10027.26,74,0.6809055585702151,False
1588779870,CA,94143.0,Plastic and Reconstructive Surgery,1,1380154.0,52045.99,44780.13,73,0.6755420982701157,False
1750731337,MO,63141.0,Medical Oncology,1,5184757.0,1403057.43,1405879.63,69,0.671692157222699,False
1558660423,PA,19134.0,Nephrology,1,49211.4,11566.97,11772.52,13,0.6656148465324598,False
1568060622,CA,92037.0,Nurse Practitioner,1,57514.0,19033.85,18056.26,66,0.6626384869678486,False
1891809125,NY,11516.0,Certified Registered Nurse Anesthetist (CRNA),1,101600.0,2289.62,2030.07,65,0.6565226377776057,False
1629162896,TX,78155.0,Chiropractic,0,2340.0,977.48,1098.97,74,0.6562577124077666,False
1447583406,AR,72034.0,Rheumatology,1,18253219.02,4777154.61,4794875.96,72,0.6553601670562959,False
1942704267,NY,10467.0,Cardiac Surgery,1,2516055.0,123767.89,87609.22,80,0.655038431002291,False
1740869601,VA,23666.0,Family Practice,1,6293.24,2985.43,3015.85,70,0.6487677786296508,False
1003431206,CO,81201.0,Ambulance Service Provider,1,5739569.5,629658.8,494491.0,75,0.6454610904014153,False
1467959353,MN,56007.0,Radiation Oncology,1,6527860.3,445727.64,453817.81,75,0.6366286878604672,False
1699419242,NY,10549.0,Nurse Practitioner,1,3706815.47,2540113.86,2545941.64,76,0.6220315211645868,False
1871935478,NY,14221.0,Certified Registered Nurse Anesthetist (CRNA),1,3176443.94,78622.21,74928.76,73,0.6134360926404412,False
1982652095,FL,34748.0,Interventional Radiology,1,1244521.72,275058.92,280091.82,78,0.6128068836422909,False
1265401160,AR,72601.0,Nurse Practitioner,1,2719.0,556.15,659.96,78,0.6107208701699687,False
1205887874,SC,29506.0,Ambulance Service Provider,1,3755326.21,1967522.91,2157029.14,76,0.6094635670082198,False
1598794190,CO,81001.0,Certified Registered Nurse Anesthetist (CRNA),1,1183453.0,18513.94,18763.85,72,0.6063255626866013,False
1043690845,AZ,85050.0,Ambulatory Surgical Center,1,17271760.6,1926493.12,1979996.09,75,0.6019336317474853,False
1679303184,CA,90211.0,Nurse Practitioner,1,48339.0,5255.68,4292.52,76,0.5929370080562624,False
1942955059,NY,13624.0,Physician Assistant,1,803564.0,167047.76,164874.44,63,0.5905456001150995,False
1801972518,NM,87401.0,Hematology-Oncology,1,20954951.43,4174915.44,4130987.61,74,0.58388514569336,False
1962591362,TN,38138.0,Nurse Practitioner,1,2850354.62,601931.75,608091.2,75,0.5805814055903618,False
1992706899,AZ,85381.0,Ambulatory Surgical Center,1,5205744.09,526201.8,536346.47,74,0.5758981220319086,False
1871911057,AL,35249.0,Nephrology,1,243823.75,60866.56,65701.69,68,0.5580083333063204,False
1053318766,VT,5401.0,Hematology-Oncology,1,7607301.8,3934668.8,3954523.64,76,0.5462250659601331,False
1578531364,MN,56377.0,Ophthalmology,1,9342567.0,5088071.19,5039985.28,81,0.5316956768611707,False
1609533264,IA,50314.0,Nurse Practitioner,1,769847.0,276687.38,276713.14,74,0.5273817198180684,False
1629442165,FL,33966.0,Ambulance Service Provider,1,3837676.34,1654102.35,1590488.38,81,0.523687776533535,False
1699109579,GA,30912.0,Pediatric Medicine,1,31341.0,10165.36,10402.79,11,0.5170376870004834,False
1073694329,WA,98105.0,Pediatric Medicine,1,25636.7,5815.1,5501.39,13,0.5104784794537522,False
1275573750,AR,71943.0,Family Practice,1,551176.2,233802.81,289749.26,74,0.48845340949606886,False
1447578802,DC,20002.0,Emergency Medicine,1,10047.66,2777.07,2637.23,68,0.48740372238944296,False
1689069387,OH,44195.0,General Surgery,1,690964.5,45678.85,39653.49,68,0.47665433184548256,False
1538198171,SC,29169.0,Hematology-Oncology,1,17202604.51,4901255.28,4943761.74,75,0.47437622235782406,False
1144455510,FL,33759.0,Physical Medicine and Rehabilitation,1,2290365.0,1129820.74,1129935.0,80,0.4608015120097626,False
1679086078,FL,33309.0,Ambulatory Surgical Center,1,7555688.0,1184999.53,1203584.42,72,0.45675115563054547,False
1215918396,RI,2903.0,Obstetrics & Gynecology,1,6002.0,1839.79,1763.96,32,0.44943857154140865,False
1164076626,CA,93422.0,Physician Assistant,1,456402.03,292896.56,291407.68,77,0.4475377385863233,False
1992717201,TX,75904.0,General Practice,1,7319.0,871.45,903.92,73,0.43717941945016214,False
1699765743,MA,1089.0,General Surgery,1,1411459.47,346303.17,334225.23,69,0.43526396983830296,False
1093895757,TX,79410.0,Ambulatory Surgical Center,1,918650.0,515853.01,561517.51,75,0.4337039903230657,False
1508921453,NY,10001.0,Registered Dietitian or Nutrition Professional,1,2475.0,2261.72,1994.95,50,0.43215605571944415,False
1982824066,PR,784.0,Clinical Laboratory,1,11843.23,8847.05,8879.17,76,0.4175770561972474,False
1417404526,TX,75181.0,Nurse Practitioner,1,219911.39,156586.01,156568.15,73,0.416574667868451,False
1760665350,CA,94304.0,Pediatric Medicine,1,40098.0,10456.42,8883.14,12,0.41301101275366214,False
1851898571,CA,92103.0,Emergency Medicine,1,429509.7,107217.42,101247.52,78,0.40633166848936675,False
1669477980,OH,45213.0,Diagnostic Radiology,1,11401425.6,951375.06,935434.07,74,0.4035658032686218,False
1750376067,NC,27408.0,Pathology,1,2071000.0,683828.06,724124.67,76,0.3978458840193664,False
1619956620,MN,56001.0,Psychiatry,1,22125.54,4719.86,4803.67,28,0.39379790670751014,False
1588066179,CA,91307.0,Nurse Practitioner,1,90367.0,29502.35,27203.48,74,0.39269842555022727,False
1669136719,AZ,85297.0,Physician Assistant,1,7055.0,253.81,287.76,76,0.3898689638505637,False
1235590282,NY,14203.0,Nurse Practitioner,1,14355.0,4519.01,4550.51,37,0.38777010655027233,False
1205861960,WA,98335.0,Family Practice,1,10544.0,244.72,266.06,78,0.3851670216213918,False
1356439616,CA,94110.0,Family Practice,1,23196.05,4017.76,3752.09,72,0.3726841695581271,False
1396121240,NH,3801.0,Clinical Laboratory,1,932245.0,249030.61,259596.12,63,0.3675160956197452,False
1861137481,FL,33062.0,Clinical Laboratory,1,8249.73,7082.6,7082.61,87,0.36421377306974456,False
1609573773,TX,78216.0,Nurse Practitioner,1,910311.23,655420.99,656583.85,77,0.3628681492650312,False
1417961806,NC,28043.0,Optometry,1,4600.0,521.04,697.88,75,0.35161622427600925,False
1619222502,MO,63110.0,Medical Oncology,1,2091556.0,539846.66,546996.07,70,0.34882440281259264,False
1972821064,PA,19124.0,Nurse Practitioner,1,9760.0,5670.47,5431.86,60,0.3478706085272414,False
1811940901,CA,93102.0,Diagnostic Radiology,1,1252157.13,182680.07,174802.72,77,0.34553464944825407,False
1669472080,NY,14221.0,Vascular Surgery,1,854259.27,213635.28,226857.74,67,0.3402824413550807,False
1306517644,NY,14620.0,Nurse Practitioner,1,84314.68,13009.91,12693.14,62,0.3389643652978478,False
1285621672,TN,37027.0,Optometry,1,220420.0,127660.68,150251.43,79,0.33575929628651124,False
1619047057,NY,11030.0,Diagnostic Radiology,1,896652.0,182183.1,153524.16,73,0.3357166401467513,False
1548459860,GA,30327.0,Ambulatory Surgical Center,1,1605103.0,288587.14,287665.83,71,0.33176632574877907,False
1720079528,UT,84106.0,Podiatry,1,519776.49,368009.23,369224.6,75,0.3288008177069681,False
1497793509,TX,75231.0,Hematology-Oncology,1,1872681.0,402246.29,400854.69,75,0.32705599371378113,False
1386964047,FL,33176.0,Diagnostic Radiology,1,690074.0,120454.43,116942.3,75,0.3208828232869365,False
1962181289,WA,98225.0,Ambulatory Surgical Center,1,3002497.42,682795.97,625862.3,75,0.3172980843659712,False
1396013363,AR,72205.0,Hematology-Oncology,1,10572876.03,3062282.07,3097354.67,75,0.3165552123754143,False
1962995753,IL,60614.0,Podiatry,1,1714032.1,461413.88,460038.87,74,0.3164126091145061,False
1326208976,NY,10065.0,General Surgery,1,1157279.0,77050.26,59001.04,71,0.3138846255285159,False
1639170665,TN,38138.0,Hematology-Oncology,1,9392190.32,2074825.54,2081821.94,74,0.30852597149479877,False
1063598597,CO,80033.0,Ambulatory Surgical Center,1,10645937.35,514311.65,525189.37,73,0.2998490024868836,False
1720261563,NY,10016.0,Plastic and Reconstructive Surgery,1,5134885.0,249885.26,191747.88,71,0.2891755296676788,False
1174756241,CA,93291.0,Family Practice,1,244934.0,24560.0,23833.3,71,0.2851125292597967,False
1922622653,WA,98195.0,Thoracic Surgery,1,204686.7,47488.82,43878.71,64,0.2823001211253917,False
1710205893,FL,33773.0,Physician Assistant,1,226770.22,5520.37,4922.29,73,0.28097761092858775,False
1114003415,SC,29730.0,Family Practice,1,3640621.46,2125261.52,2133200.13,77,0.27690968884639133,False
1609892595,FL,34613.0,Ophthalmology,1,21702174.33,5304566.89,5263909.95,80,0.2763155039074263,False
1558336149,IL,60487.0,Hematology-Oncology,1,23807253.8,5280659.37,5288500.5,76,0.2746612517077214,False
1265683171,MD,20619.0,Hematology-Oncology,1,15206691.24,5162708.38,5157323.02,75,0.2741883399271696,False
1073711891,TX,75070.0,Certified Registered Nurse Anesthetist (CRNA),1,1585100.0,19010.67,19262.64,74,0.2706157763642132,False
1003547803,GA,30214.0,Ambulatory Surgical Center,1,1718550.0,675475.36,674445.56,76,0.26953381137550103,False
1801827795,NJ,7650.0,Optometry,1,831140.0,499617.73,535552.96,81,0.26921760639726067,False
1629413679,SD,57730.0,Chiropractic,0,19593.12,8102.3,8685.68,73,0.2681690223045958,False
1205253465,CA,94301.0,Hematology-Oncology,1,15169750.97,4688332.78,4591781.33,77,0.2642260908876981,False
1710435805,NY,10032.0,Nurse Practitioner,1,211280.0,42368.34,37744.02,67,0.2640447263582182,False
1104680693,TX,78728.0,Nurse Practitioner,1,2453570.0,1534409.57,1530283.15,78,0.2590985654830469,False
1952753022,MO,64116.0,Physician Assistant,1,1322005.0,26731.72,27677.68,74,0.2557948094406477,False
1417946203,TN,37203.0,Ophthalmology,1,24461778.59,5214345.57,5270746.76,77,0.254901387545285,False
1992209381,CA,93401.0,Hematology-Oncology,1,8543213.0,1256381.22,1235533.93,75,0.2532402417670063,False
1548829591,IL,62301.0,Family Practice,1,3103641.71,857198.03,852793.5,74,0.24922636542514276,False
1649298183,MD,21204.0,Psychiatry,0,52965.99,37175.23,37257.47,74,0.24471300307890864,False
1881228732,IA,50023.0,Physician Assistant,1,614844.85,213228.17,213059.68,75,0.24425121175199216,False
1871560631,NC,28463.0,Mass Immunizer Roster Biller,1,6489.55,5779.85,5849.21,78,0.2418530487244972,False
1073583514,PR,612.0,Clinical Laboratory,1,1265.26,1209.42,1289.36,69,0.23896016569620393,False
1548622608,MA,1602.0,Psychiatry,1,14306.03,9911.57,9970.73,36,0.23452731549109096,False
1528454907,CA,95926.0,Pathology,1,2215785.0,525300.56,481021.67,76,0.23356227961192033,False
1740218023,NY,11220.0,Emergency Medicine,1,1798216.35,79683.03,82985.74,74,0.22839492064718847,False
1679754667,VA,22314.0,Chiropractic,0,25179.5,11990.31,11353.69,74,0.22738019269399423,False
1932977360,LA,71270.0,Ambulatory Surgical Center,1,968098.25,143039.71,170640.8,74,0.222332329046111,False
1154638047,MO,64111.0,Mass Immunizer Roster Biller,1,57693.94,41479.77,41874.44,57,0.2205383539075978,False
1245878735,CA,91801.0,Mass Immunizer Roster Biller,1,23768.16,20452.25,20082.43,77,0.21655872594310743,False
1013178466,CT,6040.0,Hematology-Oncology,1,16242154.6,3576242.58,3527886.72,76,0.21398300356351285,False
1972276962,KS,66209.0,Physical Therapist in Private Practice,0,18065.85,4582.26,4973.07,74,0.19924876489669252,False
1124262472,TX,77429.0,Emergency Medicine,1,8307.0,1832.9,2027.94,65,0.18521197732275319,False
1437667102,NJ,8846.0,Nurse Practitioner,1,26153.44,8313.88,7852.69,72,0.18506666003765382,False
1316646821,CA,90807.0,Physician Assistant,1,2751920.0,1523387.61,1505188.66,78,0.1826994201590093,False
1831256551,AZ,85367.0,Chiropractic,0,1203.03,818.33,872.15,73,0.1777161587385354,False
1942915137,NM,88011.0,Nurse Practitioner,1,6573084.79,2157784.92,2153041.3,75,0.17287137206596626,False
1073704797,MO,64108.0,Nephrology,1,94084.0,14455.05,14795.55,13,0.16955800571975388,False
1700990298,VI,830.0,Certified Nurse Midwife,1,3150.0,673.1,671.22,70,0.16895476406472376,False
1558883975,MO,63353.0,Ambulance Service Provider,1,7648037.7,715340.95,677076.58,76,0.1520868892966316,False
1962504621,FL,33603.0,Diagnostic Radiology,1,738754.36,108004.36,103747.45,76,0.14556590235053868,False
1720131113,FL,32610.0,Psychiatry,1,63231.0,9840.85,10529.62,34,0.13254587173323884,False
1730922485,WA,98119.0,Nurse Practitioner,1,890860.0,545444.09,540945.87,86,0.13178939614394203,False
1447285846,DC,20037.0,Physical Therapist in Private Practice,0,101988.5,32161.9,30318.01,76,0.1309841985445317,False
1235195561,TN,38305.0,Cardiology,1,6055931.85,1472844.38,1500057.23,75,0.12648427995302214,False
1174639041,NC,28463.0,Pharmacy,1,31977.94,19100.81,19385.68,70,0.12634236781963004,False
1841227758,NY,12866.0,Emergency Medicine,1,98846.0,16455.36,17032.75,76,0.12577424616237565,False
1780149864,SD,57262.0,Mass Immunizer Roster Biller,1,22711.15,22253.85,22492.09,74,0.12169121716245712,False
1023677499,FL,33445.0,Clinical Laboratory,1,2114227.97,1801684.9,1801684.9,74,0.11405613605079168,False
1508070566,CA,93103.0,Ophthalmology,1,19139235.72,5958228.77,5850121.94,75,0.1133447264740397,False
1316203805,WI,53226.0,Neurosurgery,1,265703.0,12282.27,16139.84,72,0.10768384253062635,False
1487745691,AL,35630.0,Family Practice,1,10693.18,913.1,1298.22,75,0.09677216173139946,False
1447381728,TX,75082.0,Neurology,1,6872707.0,131716.55,134439.42,72,0.095131681169633,False
1699713941,MD,21801.0,Diagnostic Radiology,1,2627691.19,777316.58,770783.67,74,0.08838608126970726,False
1669041133,MP,96950.0,Physician Assistant,1,9605.4,1241.48,1240.78,71,0.08769844414643124,False
1477654416,WA,99109.0,Internal Medicine,1,38382.0,11338.0,11526.28,75,0.0836147730068788,False
1922084961,SC,29526.0,Diagnostic Radiology,1,2426027.0,341443.9,343966.62,75,0.08021879525921527,False
1972510881,PR,957.0,Centralized Flu,1,3575.27,3420.9,3456.34,82,0.07681307142423499,False
1376527929,NY,10021.0,Neurosurgery,1,36382.9,17080.78,12568.68,70,0.07112749909619787,False
1093735672,MO,63117.0,General Surgery,1,1996005.0,103152.81,104043.91,69,0.06549131347281012,False
1942849484,WI,54829.0,Nurse Practitioner,1,1184.0,388.14,395.72,44,0.0654262268416641,False
1871740977,IL,60076.0,Ambulance Service Provider,1,10411506.5,1400521.43,1577163.13,74,0.06112865429349945,False
1669794053,AZ,85013.0,Diagnostic Radiology,1,1238274.0,181822.03,180725.31,75,0.055770581280670584,False
1548453905,WA,98632.0,Chiropractic,0,17395.44,11466.69,11877.45,78,0.055357189180652355,False
1952517187,VA,24501.0,Ophthalmology,1,5113891.0,2817124.49,2841273.25,77,0.04959846529807699,False
1184314650,MA,1501.0,Pharmacy,1,166706.81,135159.02,134314.4,86,0.0390873484576062,False
1639240831,CA,93901.0,Chiropractic,1,6700.0,744.61,683.84,74,0.03871905209608961,False
1649554841,TX,77539.0,Nurse Practitioner,1,9531.8,2121.27,2083.46,73,0.03141697534567989,False
1336339654,WA,98004.0,Emergency Medicine,1,17344.42,3149.23,2820.46,71,0.030687049394707344,False
1093030058,CA,90602.0,Diagnostic Radiology,1,486227.16,87550.08,92386.72,73,0.028346976968903093,False
1497901565,CA,95819.0,Ophthalmology,1,14582600.0,4116219.06,4022195.86,76,0.02785665641417623,False
1134545858,MO,65270.0,Ambulance Service Provider,1,5738965.3,525696.48,499729.82,76,0.01619158846016866,False
1942426093,SC,29212.0,Family Practice,1,4837371.54,2679045.23,2679424.07,78,0.015712685367743617,False
1215122478,MA,2302.0,Physician Assistant,1,779970.0,483078.47,481697.32,75,0.007613389045127761,False
1386374932,IL,60563.0,Physician Assistant,1,2182559.27,64232.37,62850.18,74,0.007509586462994378,False
1023769213,IN,47714.0,Physician Assistant,1,55336.0,13949.91,15452.21,71,0.00046060187918328666,False
1629282470,WI,54303.0,Opioid Treatment Program,1,1243704.27,1194841.88,1194887.55,53,0.0004354591437341071,False
1508079906,CA,93257.0,Physician Assistant,1,2835.0,649.0,641.75,66,0.0004307374136516273,False
1932275286,MO,64628.0,Nurse Practitioner,1,1518.0,92.84,175.57,74,0.0004277479640837356,False
1245676477,VA,23666.0,Hematology-Oncology,1,22065855.1,4580909.07,4612388.09,75,0.0004274610549686031,False
1033151840,CA,93105.0,Mass Immunizer Roster Biller,1,455890.04,439378.9,441254.72,75,0.0004207820815658181,False
1922087188,NY,11576.0,Clinical Cardiac Electrophysiology,1,22493477.0,1499508.05,1265201.82,79,0.0004097028113072554,False
1730110263,LA,70458.0,Orthopedic Surgery,1,3282433.89,1502909.82,1506921.13,73,0.0004076952455989158,False
1154381515,GU,96913.0,Optometry,1,31680.11,17871.1,16578.12,73,0.00040534003239578453,False
1619051760,SC,29607.0,Ambulatory Surgical Center,1,6547210.0,2652663.54,2825581.85,72,0.0003998202757440339,False
1609821271,SC,29464.0,Plastic and Reconstructive Surgery,1,52616.93,12690.03,13379.79,74,0.0003934423784386354,False
1568083103,MD,21045.0,Ambulatory Surgical Center,1,311983.65,190055.27,193273.0,75,0.00038578852401194297,False
1720439607,CA,94063.0,Undefined Physician type,1,6946.0,448.74,332.48,74,0.0003743419793895697,False
1780988659,PR,956.0,Clinical Laboratory,1,5781.52,4620.56,4645.9,82,0.0003738490003151185,False
1467837377,CA,90048.0,Pain Management,1,987892.62,44040.33,42723.25,71,0.00036028603134852233,False
1245221068,IL,61760.0,Mass Immunizer Roster Biller,1,333589.34,304140.41,307361.89,85,0.0003541329035456897,False
1578663134,NY,11706.0,Anesthesiology,1,1227155.12,33914.02,29747.57,73,0.000351991843674071,False
1659365153,PR,726.0,Clinical Laboratory,1,6472.25,5783.88,5849.48,77,0.00035175598409153963,False
1720423510,TX,79902.0,Vascular Surgery,1,1230783.0,274771.49,280011.66,76,0.00033044577259211394,False
1164975579,TX,77054.0,Clinical Laboratory,1,233483.93,62276.93,62331.72,69,0.00032721686606507205,False
1407142417,TX,76310.0,Radiation Oncology,1,20977822.0,2768087.89,2921725.66,75,0.0003133794644689658,False
1861186090,OR,97062.0,Nurse Practitioner,1,428191.0,152235.06,151726.81,72,0.00029633410085772027,False
1972052512,NJ,7470.0,Clinical Laboratory,1,2762791.0,230819.46,230819.46,70,0.00029077282233380686,False
1265726905,KY,40536.0,Ophthalmology,1,5987308.0,4050320.68,4105357.28,78,0.0002875278588749808,False
1386987261,CA,92103.0,Interventional Radiology,1,2665833.9,64444.78,61680.5,72,0.0002812032399894804,False
1013579614,NY,11375.0,Nurse Practitioner,1,261321.02,97646.77,85911.85,86,0.0002742520238534496,False
1932386984,IN,47710.0,Diagnostic Radiology,1,2378652.0,356746.62,364478.79,74,0.0002574995074375863,False
1891566436,CA,94536.0,Nurse Practitioner,1,177579.95,45904.81,45344.36,74,0.00024006766003381586,False
1790744746,FL,33912.0,Ophthalmology,1,18594176.0,5671705.58,5609781.07,81,0.00023038986407364348,False
1447726104,MI,48105.0,Nurse Practitioner,1,1380662.02,430018.66,464868.66,70,0.00022847691774430245,False
1336644657,VA,23435.0,Hematology-Oncology,1,1011999.75,195799.82,196111.53,75,0.00022105832885266352,False
1265973820,FL,33713.0,Nurse Practitioner,1,67050.0,22605.03,23010.71,74,0.0002195053202385111,False
1215302906,GA,30046.0,Ambulatory Surgical Center,1,716211.94,46409.9,47487.0,70,0.00021005990916656003,False
1770682130,MA,1301.0,Mass Immunizer Roster Biller,1,507353.49,491147.15,493414.36,74,0.00019563911723174954,False
1548242951,MN,55905.0,Diagnostic Radiology,1,2935546.9,159290.39,159671.2,75,0.0001882774527519615,False
1659378800,TX,76132.0,Ambulatory Surgical Center,1,12193840.92,1336641.48,1374728.47,74,0.00017506732002914305,False
1013914597,SD,57069.0,Family Practice,1,7866.0,619.25,684.23,88,0.00016100327937706993,False
1639157522,TX,76667.0,Psychiatry,1,3868.0,2026.64,2098.29,44,0.00015925696409446743,False
1760677272,AR,72301.0,Licensed Professional Counselor,1,3165.46,611.11,740.24,46,0.00015539529411157105,False
1073625075,MS,38672.0,Mass Immunizer Roster Biller,1,5902.4,2918.46,2950.44,75,0.0001540355985163444,False
1568882876,IA,50266.0,Medical Oncology,1,2459200.27,906251.84,910623.19,75,0.0001450781130625245,False
1487765897,SC,29440.0,Ambulatory Surgical Center,1,4956650.0,2062676.22,2302890.02,75,0.00014499528202094325,False
1912062001,CA,90262.0,Internal Medicine,1,1015672.5,68612.98,66877.79,69,0.00013808667207193537,False
1023363934,IL,60612.0,General Surgery,1,584500.25,79675.48,70877.86,60,0.00013716432715504823,False
1962485383,CT,6106.0,Cardiology,1,6162.0,1300.24,1208.37,39,0.00013319766268082844,False
1578853784,WA,98801.0,Pediatric Medicine,1,2413.0,127.28,296.22,68,0.00012975131912540405,False
1336155746,NC,28150.0,Optometry,1,8515.0,1008.2,1319.53,76,0.00012252613565699733,False
1396427407,ME,4240.0,Ambulatory Surgical Center,1,338575.0,100334.82,108091.46,78,0.00011983701651274714,False
1699706622,HI,96819.0,Hematology-Oncology,1,529311.06,77089.06,94608.12,69,0.00011349273009031435,False
1629338033,NY,11752.0,Pediatric Medicine,1,6360.0,1856.04,1627.54,36,8.310874928518786e-05,False
1154046019,GA,30601.0,Ambulatory Surgical Center,1,3934090.11,440409.45,468331.21,65,7.834986424981594e-05,False
1205879491,OH,44406.0,Medical Oncology,1,7547883.64,3941434.15,3936460.25,75,7.056716076903058e-05,False
1316951171,CA,90048.0,Medical Oncology,1,266615.34,97274.56,91638.03,74,6.96239075601568e-05,False
1841767340,OR,97401.0,Nurse Practitioner,1,9272.09,2969.11,3178.88,50,6.300944445314371e-05,False
1124176151,CA,91911.0,Vascular Surgery,1,8522525.66,1691670.79,1452378.57,70,5.0205939960079604e-05,False
1063537041,NY,10013.0,Hematology-Oncology,1,147382.74,79007.58,73432.52,76,4.468067788465646e-05,False
1053391656,NJ,7922.0,Diagnostic Radiology,1,48802.0,6826.1,5645.59,72,4.193876653424411e-05,False
1215203039,KS,67218.0,Pathology,1,3377675.0,636857.31,646028.09,72,2.8311888602416957e-05,False
1972116671,MN,55107.0,Pharmacy,1,30043.06,29441.93,29470.23,87,2.4856389472915907e-05,False
1306257878,PA,19104.0,Nephrology,1,105427.0,11972.98,11495.36,12,1.8772449839943306e-05,False
1700945417,CA,91423.0,Internal Medicine,1,39828.06,26105.5,24634.9,70,3.7422751368865192e-06,False
1336112119,AZ,85202.0,Medical Oncology,1,2718922.0,895112.21,894866.62,75,3.282956226868805e-06,False
1285738344,IL,60637.0,Cardiac Surgery,1,3058296.5,270425.28,213995.31,71,4.6157228439369646e-07,False
